"ID","Date","volume","campaign","Photo","Nperc","area","mass","sla","massarea","Nmass","Narea","Npercentage","starch_mgperg","sugars_mgperg","starch","sugars","tnc","Nmass_notnc","lma_notnc","A_mass"
"1-1","2013-03-07","10",1,19.28999806,0.011,29.23,0.23,0.0127086956521739,78.6862812179268,0.00253,1.15533596837945,1.1,55.21176471,70.40215686,0.05521176471,0.07040215686,0.12561392157,0.00289345869337573,89.9903179602443,245.150714475565
"1-1","2013-03-22","10",2,18.116713368,0.01,30.28,0.29,0.0104413793103448,95.7727873183619,0.0029,1.04413793103448,1,152.129771,52.51820945,0.152129771,0.05251820945,0.20464798045,0.00364618424133855,120.415595816993,189.163476132082
"1-1","2013-04-08","10",3,19.236899676,0.01,18.945,0.21,0.00902142857142857,110.847189231987,0.0021,0.902142857142857,1,112.1007195,84.55801619,0.1121007195,0.08455801619,0.19665873569,0.00261408207606977,137.982690740025,173.544316362771
"1-1","2013-04-17","10",4,24.140352404,0.011,24.72,0.3,0.00824,121.359223300971,0.0033,0.749090909090909,1.1,59.58445946,61.41659411,0.05958445946,0.06141659411,0.12100105357,0.00375427071147553,138.065265941289,198.91650380896
"1-1","2013-05-16","10",6,22.17481906,0.012,28.65,0.39,0.00734615384615385,136.125654450262,0.00468,0.612179487179487,1.2,57.49315068,85.25548021,0.05749315068,0.08525548021,0.14274863089,0.00545930886626496,158.793160740691,162.899632325385
"1-2","2013-03-22","15",2,23.445100788,0.013,19.65,0.16,0.01228125,81.4249363867685,0.00208,0.944711538461538,1.3,45.20792079,90.30022647,0.04520792079,0.09030022647,0.13550814726,0.00240603771268342,94.1882056247179,287.935144052625
"1-2","2013-04-08","15",3,30.328812814,0.015,21.425,0.21,0.010202380952381,98.0163360560093,0.00315,0.68015873015873,1.5,48.46768049,84.57841088,0.04846768049,0.08457841088,0.13304609137,0.00363341115213123,113.058301116491,309.426102161882
"1-2","2013-04-17","15",4,29.136946916,0.013,19.72,0.19,0.0103789473684211,96.3488843813387,0.00247,0.798380566801619,1.3,108.5888889,61.50327531,0.1085888889,0.06150327531,0.17009216421,0.00297623409911388,116.095884658834,302.410838517644
"1-2","2013-05-01","15",5,29.266015034,0.012,24.24,0.33,0.00734545454545455,136.138613861386,0.00396,0.612121212121212,1.2,77.27631579,74.63765899,0.07727631579,0.07463765899,0.15191397478,0.00466933764056865,160.524533847932,214.972183158836
"1-2","2013-05-16","15",6,27.362039734,0.012,14.83,0.19,0.00780526315789474,128.118678354686,0.00228,0.650438596491228,1.2,70.12844037,76.22965214,0.07012844037,0.07622965214,0.14635809251,0.00267090917162676,150.084803979926,213.567920660642
"1-4","2013-03-07","20",1,20.359972884,0.011,14.62,0.13,0.0112461538461538,88.9192886456909,0.00143,1.02237762237762,1.1,146.0560345,67.69758621,0.1460560345,0.06769758621,0.21375362071,0.00181876831190158,113.09341573819,228.971387356984
"1-4","2013-03-22","20",2,21.280276584,0.01,14.24,0.13,0.0109538461538462,91.2921348314607,0.0013,1.09538461538462,1,195.1797753,53.39920365,0.1951797753,0.05339920365,0.24857897895,0.00173005540646633,121.492654948478,233.100875812432
"1-4","2013-04-08","20",3,23.774805834,0.013,13.97,0.155,0.00901290322580645,110.952040085898,0.002015,0.693300248138958,1.3,164.7479999,72.746484,0.1647479999,0.072746484,0.2374944839,0.00264260383361704,145.50981959237,214.280024194181
"1-4","2013-04-17","20",4,28.282672622,0.014,15.92,0.18,0.00884444444444444,113.065326633166,0.00252,0.631746031746032,1.4,155.1232394,43.2252993,0.1551232394,0.0432252993,0.1983485387,0.00314351076702765,141.040504622562,250.144526745689
"1-4","2013-05-01","20",5,31.570368272,0.014,19.99,0.26,0.00768846153846154,130.065032516258,0.00364,0.549175824175824,1.4,97.45754717,67.57385613,0.09745754717,0.06757385613,0.1650314033,0.00435944539038494,155.772364410239,242.727562214338
"1-4","2013-05-16","20",6,29.592785608,0.016,19.25,0.21,0.00916666666666667,109.090909090909,0.00336,0.572916666666667,1.6,86.80788177,66.34627094,0.08680788177,0.06634627094,0.15315415271,0.00396766425761237,128.820268104298,271.267201406667
"1-5","2013-03-07","free",1,41.228814326,0.029,21.37,0.15,0.0142466666666667,70.1918577445016,0.00435,0.491264367816092,2.9,83.556,70.74141333,0.083556,0.07074141333,0.15429741333,0.00514365223491672,82.9982772322902,587.373174764415
"1-5","2013-03-22","free",2,30.9258149,0.019,50.11,0.42,0.0119309523809524,83.8156056675314,0.00798,0.627944862155389,1.9,143.8613445,81.44433561,0.1438613445,0.08144433561,0.22530568011,0.0103008371109951,108.191842273263,368.974424914048
"1-5","2013-04-08","free",3,28.22939328,0.017,32.95,0.315,0.0104603174603175,95.5993930197268,0.005355,0.61531279178338,1.7,143.1119135,90.4635704,0.1431119135,0.0904635704,0.2335754839,0.00698698943928524,124.734257596809,295.288415420953
"1-5","2013-04-17","free",4,27.021609572,0.015,35.3,0.34,0.0103823529411765,96.3172804532578,0.0051,0.692156862745098,1.5,111.6984733,46.89790458,0.1116984733,0.04689790458,0.15859637788,0.00606130026770035,114.472148587353,280.547887615177
"1-5","2013-05-01","free",5,29.091997564,0.016,27.54,0.28,0.00983571428571428,101.670297748729,0.00448,0.614732142857143,1.6,129.5416667,65.82484954,0.1295416667,0.06582484954,0.19536651624,0.00556775238716794,126.356036382715,286.1405760402
"1-5","2013-05-16","free",6,26.646218054,0.016,34.06,0.39,0.00873333333333333,114.503816793893,0.00624,0.545833333333333,1.6,108.2226563,61.78922819,0.1082226563,0.06178922819,0.17001188449,0.00751817993943893,137.958381155294,232.710304338267
"1-6","2013-03-07","25",1,21.74859277,0.011,20.54,0.21,0.00978095238095238,102.239532619279,0.00231,0.889177489177489,1.1,189.4302326,48.87060724,0.1894302326,0.04887060724,0.23830083984,0.00303269337925326,134.225607650405,212.721950236095
"1-6","2013-03-22","25",2,21.9207103,0.011,11.3,0.12,0.00941666666666667,106.194690265487,0.00132,0.856060606060606,1.1,168.6533333,49.43417278,0.1686533333,0.04943417278,0.21808750608,0.00168816844629554,135.814034295699,206.420021991667
"1-6","2013-04-08","25",3,20.916821164,0.011,12.71,0.15,0.00847333333333333,118.01730920535,0.00165,0.77030303030303,1.1,151.5473684,65.16223158,0.1515473684,0.06516223158,0.21670959998,0.00210649843271138,150.668652650839,177.235197996293
"1-6","2013-04-17","25",4,23.72770021,0.011,13.45,0.17,0.00791176470588235,126.39405204461,0.00187,0.719251336898396,1.1,115.2738095,62.97555159,0.1152738095,0.06297555159,0.17824936109,0.00227562950541838,153.810713444973,187.727981073235
"1-6","2013-05-01","25",5,22.595839694,0.01,11.23,0.14,0.00802142857142857,124.6660730187,0.0014,0.802142857142857,1,147.4166667,65.11986111,0.1474166667,0.06511986111,0.21253652781,0.0017778602429729,158.313467762503,181.250914116871
"1-6","2013-05-16","25",6,21.449873122,0.011,12.28,0.15,0.00818666666666667,122.14983713355,0.00165,0.744242424242424,1.1,124.3469388,90.35800442,0.1243469388,0.09035800442,0.21470494322,0.0021011210827757,155.546423066013,175.602961292107
"1-7","2013-03-07","35",1,39.35161087,0.033,35.48,0.21,0.0168952380952381,59.1882750845547,0.00693,0.511976911976912,3.3,7.390510949,76.94760341,0.007390510949,0.07694760341,0.084338114359,0.00756829579637764,64.639880738424,664.85483507981
"1-7","2013-03-22","35",2,32.48001031,0.021,29.47,0.22,0.0133954545454545,74.6521886664405,0.00462,0.637878787878788,2.1,92.49382716,51.87673868,0.09249382716,0.05187673868,0.14437056584,0.00539953374153802,87.2482709056509,435.084501743498
"1-7","2013-04-08","35",3,27.61691949,0.018,26.48,0.24,0.0110333333333333,90.6344410876133,0.00432,0.612962962962963,1.8,119.2374581,79.6482291,0.1192374581,0.0796482291,0.1988856872,0.0053924888508121,113.135465987162,304.706678372999
"1-7","2013-04-17","35",4,27.765287006,0.016,31.39,0.29,0.0108241379310345,92.3861102261867,0.00464,0.676508620689655,1.6,85.08097166,58.51853576,0.08508097166,0.05851853576,0.14359950742,0.0054180258421168,107.877226865977,300.535296247704
"1-7","2013-05-01","35",5,21.973259152,0.011,33.75,0.36,0.009375,106.666666666667,0.00396,0.852272727272727,1.1,64.11267606,64.64926056,0.06411267606,0.06464926056,0.12876193662,0.00454525595982002,122.431136964849,205.99930455
"1-7","2013-05-16","35",6,21.47447198,0.012,26.52,0.27,0.00982222222222222,101.809954751131,0.00324,0.818518518518518,1.2,66.31279621,82.71709479,0.06631279621,0.08271709479,0.149029891,0.00380741928034043,119.639871805569,210.927035892444
"1-8","2013-03-07","05",1,23.60376985,0.011,20.64,0.2,0.01032,96.8992248062015,0.0022,0.938181818181818,1.1,201.6512456,51.90166074,0.2016512456,0.05190166074,0.25355290634,0.00294729528547415,129.813922017008,243.590904852
"1-8","2013-03-22","05",2,20.139561964,0.009,17.245,0.15,0.0114966666666667,86.9817338358944,0.00135,1.27740740740741,0.9,209.5893536,44.08211549,0.2095893536,0.04408211549,0.25367146909,0.00180885487300605,116.546172675239,231.537830712787
"1-8","2013-04-08","05",3,17.083352152,0.011,11.615,0.13,0.00893461538461538,111.924235901851,0.00143,0.812237762237762,1.1,150.1378092,61.87776678,0.1501378092,0.06187776678,0.21201557598,0.00181475668352006,142.038639965566,152.633180958061
"1-8","2013-04-17","05",4,15.772714164,0.011,13.42,0.12,0.0111833333333333,89.4187779433681,0.00132,1.01666666666667,1.1,159.2599278,60.34219856,0.1592599278,0.06034219856,0.21960212636,0.00169144489572113,114.58101176813,176.391520067399
"1-8","2013-05-01","05",5,22.95911683,0.013,17.24,0.17,0.0101411764705882,98.6078886310905,0.00221,0.780090497737556,1.3,102.8275862,67.92147515,0.1028275862,0.06792147515,0.17074906135,0.00266505577141441,118.912001223202,232.832455381882
"1-8","2013-05-16","05",6,23.405686858,0.012,6.66,0.1,0.00666,150.15015015015,0.0012,0.555,1.2,108.0728155,83.23485639,0.1080728155,0.08323485639,0.19130767189,0.00148387706707263,185.670303687766,155.88187447428
"2-1","2013-03-07","20",1,29.740089322,0.02,36.1,0.25,0.01444,69.2520775623269,0.005,0.722,2,138.5639098,53.35706767,0.1385639098,0.05335706767,0.19192097747,0.00618751367204855,85.6996353469328,429.44688980968
"2-1","2013-03-22","20",2,26.830533914,0.015,35.91,0.29,0.0123827586206897,80.7574491785018,0.00435,0.82551724137931,1.5,117.761194,73.7331264,0.117761194,0.0737331264,0.1914943204,0.00538029615593068,99.8848260638759,332.236025121291
"2-1","2013-04-08","20",3,22.0623746,0.013,29.68,0.27,0.0109925925925926,90.9703504043127,0.00351,0.845584045584045,1.3,98.87307681,98.87685,0.09887307681,0.09887685,0.19774992681,0.00437519436557124,113.394006986607,242.522695602963
"2-1","2013-04-17","20",4,25.813263024,0.013,29.82,0.31,0.00961935483870968,103.957075788062,0.00403,0.739950372208437,1.3,79.10227273,68.9181452,0.07910227273,0.0689181452,0.14802041793,0.00473016030526056,122.018271301155,248.3069365728
"2-1","2013-05-01","20",5,16.326792716,0.012,17.97,0.16,0.01123125,89.0372843628269,0.00192,0.9359375,1.2,77.18918919,64.2273705,0.07718918919,0.0642273705,0.14141655969,0.00223624159267126,103.702540932631,183.370290691575
"2-1","2013-05-16","20",6,24.677693474,0.014,37.08,0.39,0.00950769230769231,105.177993527508,0.00546,0.679120879120879,1.4,41.72727273,100.420122,0.04172727273,0.100420122,0.14214739473,0.00636472975247481,122.606136393797,234.627916414339
"2-2","2013-03-07","15",1,23.93326984,0.014,21.8,0.16,0.013625,73.394495412844,0.00224,0.973214285714286,1.4,81.6741573,54.27072409,0.0816741573,0.05427072409,0.13594488139,0.0025924272095089,84.9419138109075,326.09080157
"2-2","2013-03-22","15",2,18.127540888,0.012,23.73,0.22,0.0107863636363636,92.7096502317741,0.00264,0.898863636363636,1.2,34.90045249,60.30640175,0.03490045249,0.06030640175,0.09520685424,0.002917793986804,102.465022714005,195.530247851017
"2-2","2013-04-08","15",3,21.894052314,0.012,19.615,0.21,0.00934047619047619,107.060922763191,0.00252,0.778373015873016,1.2,117.3923076,68.63845155,0.1173923076,0.06863845155,0.18603075915,0.00309594008413445,131.529445328169,204.500874351957
"2-2","2013-04-17","15",4,16.880158964,0.01,20.03,0.24,0.00834583333333333,119.820269595607,0.0024,0.834583333333333,1,141.9444444,65.38378642,0.1419444444,0.06538378642,0.20732823082,0.00302773492549475,151.16000626534,140.878993353717
"2-2","2013-05-01","15",5,18.381719994,0.009,24.92,0.32,0.0077875,128.410914927769,0.00288,0.865277777777778,0.9,152.25,61.01464844,0.15225,0.06101464844,0.21326464844,0.00366069732889124,163.219962943251,143.147644453275
"2-2","2013-05-16","15",6,17.494308658,0.009,19.98,0.29,0.00688965517241379,145.145145145145,0.00261,0.76551724137931,0.9,83.23318386,90.02135389,0.08323318386,0.09002135389,0.17325453775,0.00315695715208021,175.56207051942,120.529754133393
"2-3","2013-03-07","free",1,33.962651404,0.03,52,0.29,0.0179310344827586,55.7692307692308,0.0087,0.597701149425287,3,61.09859155,76.46106514,0.06109859155,0.07646106514,0.13755965669,0.0100876542563047,64.6644503609275,608.985473451034
"2-3","2013-03-22","free",2,34.211016978,0.031,77.71,0.52,0.0149442307692308,66.9154548964097,0.01612,0.482071960297767,3.1,6.253012048,75.23924598,0.006253012048,0.07523924598,0.081492258028,0.0175502059083258,72.8523580571514,511.257332569305
"2-3","2013-04-08","free",3,36.902134668,0.03,50.345,0.34,0.0148073529411765,67.5340152944682,0.0102,0.493578431372549,3,14.14285714,77.1321139,0.01414285714,0.0771321139,0.09127497104,0.0112245175107298,74.3173271806524,546.422932311901
"2-3","2013-04-17","free",4,28.602195518,0.021,45.42,0.33,0.0137636363636364,72.6552179656539,0.00693,0.655411255411255,2.1,72.70652174,81.78662681,0.07270652174,0.08178662681,0.15449314855,0.00819626711257917,85.9309629969929,393.670218311383
"2-3","2013-05-01","free",5,24.930671328,0.018,46.25,0.42,0.0110119047619048,90.8108108108108,0.00756,0.611772486772487,1.8,88.29953917,61.35235023,0.08829953917,0.06135235023,0.1496518894,0.008890476624527,106.79251200633,274.534178314287
"2-3","2013-05-16","free",6,27.019050664,0.016,41.62,0.37,0.0112486486486486,88.8995675156175,0.00592,0.703040540540541,1.6,76.8364486,67.89699572,0.0768364486,0.06789699572,0.14473344432,0.00692181865487908,103.943696763561,303.927807739372
"2-4","2013-03-07","25",1,33.411639746,0.023,40.2,0.25,0.01608,62.1890547263682,0.00575,0.699130434782609,2.3,133.40625,60.18959635,0.13340625,0.06018959635,0.19359584635,0.00713041962144412,77.118966271297,537.25916711568
"2-4","2013-03-22","25",2,23.384376658,0.014,48.13,0.39,0.0123410256410256,81.0305422813214,0.00546,0.881501831501832,1.4,21.32751092,83.09248087,0.02132751092,0.08309248087,0.10441999179,0.00609660772901008,90.4782839483851,288.587191935779
"2-4","2013-04-08","25",3,22.154895592,0.011,24.44,0.24,0.0101833333333333,98.1996726677578,0.00264,0.925757575757576,1.1,101.4747083,80.77536187,0.1014747083,0.08077536187,0.18225007017,0.0032283708059123,120.085210754065,225.610686778533
"2-4","2013-04-17","25",4,19.919640216,0.01,23.08,0.25,0.009232,108.318890814558,0.0025,0.9232,1,103,70.00826372,0.103,0.07000826372,0.17300826372,0.00302300481410561,130.979411356396,183.898118474112
"2-4","2013-05-01","25",5,24.108382758,0.01,24.97,0.26,0.00960384615384615,104.124949939928,0.0026,0.960384615384615,1,85.72839506,59.15606481,0.08572839506,0.05915606481,0.14488445987,0.00304052479224589,121.767112224505,231.533199025869
"2-4","2013-05-16","25",6,26.165757868,0.01,46.47,0.6,0.007745,129.11555842479,0.006,0.7745,1,98.6453202,102.9305911,0.0986453202,0.1029305911,0.2015759113,0.00751480332935501,161.713004720357,202.65379468766
"2-6","2013-03-07","05",1,26.78455815,0.012,30.1,0.32,0.00940625,106.312292358804,0.00384,0.783854166666667,1.2,242.8308271,39.49215539,0.2428308271,0.03949215539,0.28232298249,0.00535059630768585,148.133895561624,251.942250098437
"2-6","2013-03-22","05",2,20.85451653,0.01,37.27,0.4,0.0093175,107.324926214113,0.004,0.93175,1,162.8372093,51.55937161,0.1628372093,0.05155937161,0.21439658091,0.00509162753470877,136.614637368092,194.311957768275
"2-6","2013-04-08","05",3,20.61161356,0.009,26.48,0.305,0.00868196721311475,115.181268882175,0.002745,0.964663023679417,0.9,175.7402135,65.8160605,0.1757402135,0.0658160605,0.241556274,0.00361925335512631,151.865280090899,178.949353137311
"2-6","2013-04-17","05",4,19.698913596,0.009,17,0.19,0.00894736842105263,111.764705882353,0.00171,0.994152046783626,0.9,156.5267176,60.32823791,0.1565267176,0.06032823791,0.21685495551,0.00218350356939765,142.712651594618,176.253437437895
"2-6","2013-05-16","05",6,26.829694386,0.013,24.26,0.32,0.00758125,131.904369332234,0.00416,0.583173076923077,1.3,99.89861751,79.01557796,0.09989861751,0.07901557796,0.17891419547,0.00506646196664091,160.646266936423,203.402620563863
"2-7","2013-03-07","35",1,33.398552336,0.016,20.9,0.28,0.00746428571428571,133.971291866029,0.00448,0.466517857142857,1.6,113.2099644,43.47768683,0.1132099644,0.04347768683,0.15668765123,0.00531238515187668,158.86319234081,249.296337079428
"2-7","2013-03-22","35",2,28.411285138,0.024,18.87,0.1,0.01887,52.9941706412295,0.0024,0.78625,2.4,31.38235294,54.01079896,0.03138235294,0.05401079896,0.0853931519,0.00262407831844442,57.9420225764975,536.12095055406
"2-7","2013-04-08","35",3,21.578842618,0.015,42.56,0.29,0.0146758620689655,68.1390977443609,0.00435,0.978390804597701,1.5,100.4823529,71.08229115,0.1004823529,0.07108229115,0.17156464405,0.0052508623258983,82.250349716452,316.688117869682
"2-7","2013-04-17","35",4,21.89944807,0.012,35.94,0.31,0.0115935483870968,86.2548692264886,0.00372,0.966129032258064,1.2,154.294964,63.3266295,0.154294964,0.0633266295,0.2176215935,0.00475473245311251,110.246996223161,253.892310850259
"2-7","2013-05-01","35",5,23.780564998,0.011,27.31,0.26,0.0105038461538462,95.2032222629074,0.00286,0.954895104895105,1.1,120.483871,69.11276498,0.120483871,0.06911276498,0.18959663598,0.00352910677198203,117.476341399488,249.787396190532
"2-7","2013-05-16","35",6,23.11013763,0.01,33.43,0.36,0.00928611111111111,107.687705653605,0.0036,0.928611111111111,1,153.9782609,85.6627163,0.1539782609,0.0856627163,0.2396409772,0.00473460548510769,141.627444962838,214.60330582525
"2-8","2013-03-07","10",1,22.168197226,0.011,24.7,0.24,0.0102916666666667,97.165991902834,0.00264,0.935606060606061,1.1,151.8987342,43.26063291,0.1518987342,0.04326063291,0.19515936711,0.00328015248251118,120.726996043842,228.147696450917
"2-8","2013-03-22","10",2,15.301547584,0.01,15.53,0.15,0.0103533333333333,96.5872504829363,0.0015,1.03533333333333,1,138.8333333,40.29058073,0.1388333333,0.04029058073,0.17912391403,0.00182731599279994,117.663618338695,158.422022653013
"2-8","2013-04-08","10",3,18.0691527,0.01,18.61,0.19,0.00979473684210526,102.095647501343,0.0019,0.979473684210526,1,115.4285714,77.96888095,0.1154285714,0.07796888095,0.19339745235,0.00235555913570514,126.57491325659,176.982595656316
"2-8","2013-04-17","10",4,18.707791664,0.01,23.42,0.31,0.00755483870967742,132.365499573014,0.0031,0.755483870967742,1,111.8358779,49.06223791,0.1118358779,0.04906223791,0.16089811581,0.00369442621737465,157.74663609627,141.334348635768
"2-8","2013-05-01","10",5,15.386707414,0.012,11.29,0.11,0.0102636363636364,97.4313551815766,0.00132,0.85530303030303,1.2,52.81463415,74.31631098,0.05281463415,0.07431631098,0.12713094513,0.00151225432112104,111.621960519711,157.923569730964
"2-8","2013-05-16","10",6,26.3521664,0.012,19.82,0.29,0.00683448275862069,146.316851664985,0.00348,0.569540229885057,1.2,51.02620087,81.88408515,0.05102620087,0.08188408515,0.13291028602,0.0040134255358959,168.744766897742,180.103426913103
"3-1","2013-03-07","05",1,21.784697838,0.01,10.5,0.13,0.00807692307692308,123.809523809524,0.0013,0.807692307692308,1,217.5461538,39.91138462,0.2175461538,0.03991138462,0.25745753842,0.00175074163063191,166.73729815542,175.953328691539
"3-1","2013-04-08","05",3,15.881424914,0.008,9.995,0.09,0.0111055555555556,90.0450225112556,0.00072,1.38819444444444,0.8,198.9054547,56.32742727,0.1989054547,0.05632742727,0.25523288197,0.000966745151027194,120.903595676237,176.372046683812
"3-1","2013-04-17","05",4,19.627820688,0.009,12.35,0.13,0.0095,105.263157894737,0.00117,1.05555555555556,0.9,146.9776119,58.55723259,0.1469776119,0.05855723259,0.20553484449,0.00147268887991561,132.495625723401,186.464296536
"3-1","2013-05-01","05",5,18.042357098,0.011,8.63,0.08,0.0107875,92.6998841251448,0.00088,0.980681818181818,1.1,94.99078341,69.25724078,0.09499078341,0.06925724078,0.16424802419,0.00105294396599795,110.917935952591,194.631927194675
"3-1","2013-05-16","05",6,18.203196,0.011,14.03,0.16,0.00876875,114.041339985745,0.00176,0.797159090909091,1.1,92.31308411,97.99244743,0.09231308411,0.09799244743,0.19030553154,0.00217365940926759,140.844904378124,159.619274925
"3-2","2013-03-07","free",1,34.7734356,0.029,32.3,0.18,0.0179444444444444,55.7275541795666,0.00522,0.618773946360153,2.9,93.24896266,73.4769018,0.09324896266,0.0734769018,0.16672586446,0.00626444500958523,66.8778158384246,623.989983266665
"3-2","2013-03-22","free",2,37.961791872,0.03,38.17,0.23,0.016595652173913,60.2567461357087,0.0069,0.553188405797101,3,38.51694915,85.97586117,0.03851694915,0.08597586117,0.12449281032,0.00788114601608465,68.8249586593717,630.00069380619
"3-2","2013-04-08","free",3,32.059886666,0.013,36.79,0.25,0.014716,67.9532481652623,0.00325,1.132,1.3,82.88602941,75.81807353,0.08288602941,0.07581807353,0.15870410294,0.00386308789970031,80.7721140715559,471.793292176856
"3-2","2013-04-17","free",4,34.805017208,0.023,33.97,0.27,0.0125814814814815,79.4818957904033,0.00621,0.547020933977456,2.3,74.45084746,81.57280113,0.07445084746,0.08157280113,0.15602364859,0.00735802607457565,94.1755010760857,437.898679465097
"3-2","2013-05-01","free",5,30.281718654,0.017,38.5,0.33,0.0116666666666667,85.7142857142857,0.00561,0.686274509803921,1.7,116.6603774,63.09510613,0.1166603774,0.06309510613,0.17975548353,0.00683942396121484,104.498456244688,353.286717630001
"3-2","2013-05-16","free",6,37.50604502,0.022,39.64,0.37,0.0107135135135135,93.3400605449041,0.00814,0.486977886977887,2.2,89.23222749,94.28258254,0.08923222749,0.09428258254,0.18351481003,0.00996956233866175,114.319355319028,401.821520160216
"3-3","2013-03-07","25",1,19.972933164,0.01,38.4,0.38,0.0101052631578947,98.9583333333333,0.0038,1.01052631578947,1,167.9315589,56.02623574,0.1679315589,0.05602623574,0.22395779464,0.00489664089627343,127.516690007121,201.831745657262
"3-3","2013-03-22","25",2,15.63870055,0.01,39.02,0.36,0.0108388888888889,92.2603792926704,0.0036,1.08388888888889,1,150.0113636,41.22678598,0.1500113636,0.04122678598,0.19123814958,0.0044512485327176,114.076077209575,169.506137628056
"3-3","2013-04-08","25",3,19.775254396,0.009,16.105,0.19,0.00847631578947368,117.975783918038,0.00171,0.941812865497076,0.9,125.6519999,71.396058,0.1256519999,0.071396058,0.1970480579,0.00212964177597946,146.927577769461,167.621301077674
"3-3","2013-04-17","25",4,25.502405522,0.012,19.56,0.25,0.007824,127.811860940695,0.003,0.652,1.2,102.3240418,65.10919512,0.1023240418,0.06510919512,0.16743323692,0.00360331463257288,153.515449581326,199.530820804128
"3-3","2013-05-01","25",5,30.995542492,0.013,23.31,0.33,0.00706363636363636,141.570141570142,0.00429,0.543356643356643,1.3,124.2426778,83.12080021,0.1242426778,0.08312080021,0.20736347801,0.00541231684508997,178.606634494603,218.941241057127
"3-3","2013-05-16","25",6,31.097659494,0.013,22.75,0.34,0.00669117647058824,149.450549450549,0.00442,0.514705882352941,1.3,96.14018692,88.23493769,0.09614018692,0.08823493769,0.18437512461,0.00541915791605366,183.234418125229,208.079927496618
"3-4","2013-03-07","20",1,21.699101828,0.01,32,0.31,0.0103225806451613,96.875,0.0031,1.03225806451613,1,121.110687,38.17033079,0.121110687,0.03817033079,0.15928101779,0.00368732009815102,115.228753067219,223.990728547097
"3-4","2013-03-22","20",2,22.872530392,0.012,15.98,0.16,0.0099875,100.125156445557,0.00192,0.832291666666667,1.2,88.57959184,44.68481786,0.08857959184,0.04468481786,0.1332644097,0.00221520844590614,115.519839690558,228.4393972901
"3-4","2013-04-08","20",3,25.001328782,0.013,15.905,0.18,0.00883611111111111,113.171958503615,0.00234,0.679700854700855,1.3,92.20077208,83.8146139,0.09220077208,0.0838146139,0.17601538598,0.0028398588519557,137.34717442293,220.914519043172
"3-4","2013-04-17","20",4,27.15532787,0.015,20.33,0.24,0.00847083333333333,118.052139695032,0.0036,0.564722222222222,1.5,39.4047619,63.51202778,0.0394047619,0.06351202778,0.10291678968,0.00401300565943692,131.595529084667,230.028256498792
"3-4","2013-05-16","20",6,37.333746022,0.017,19.74,0.31,0.00636774193548387,157.041540020263,0.00527,0.374573055028463,1.7,48.08823529,83.80660586,0.04808823529,0.08380660586,0.13189484115,0.00607069310241319,180.901516848835,237.731660152993
"3-5","2013-03-07","35",1,36.30029056,0.018,35.5,0.31,0.0114516129032258,87.3239436619718,0.00558,0.636200716845878,1.8,153.6579926,58.02228005,0.1536579926,0.05802228005,0.21168027265,0.00707834626790023,110.772242064166,415.696875767742
"3-5","2013-03-22","35",2,28.378781108,0.013,29.6,0.3,0.00986666666666667,101.351351351351,0.0039,0.758974358974359,1.3,94.41176471,67.09780931,0.09441176471,0.06709780931,0.16150957402,0.00465121589843057,120.873594034059,280.003973598933
"3-5","2013-04-17","35",4,25.38049822,0.013,17.31,0.21,0.00824285714285714,121.317157712305,0.00273,0.634065934065934,1.3,40.03278689,67.50283743,0.04003278689,0.06750283743,0.10753562432,0.003058945627852,135.935014347065,209.207821042
"3-5","2013-05-01","35",5,24.680962828,0.011,12.44,0.15,0.00829333333333333,120.578778135048,0.00165,0.753939393939394,1.1,140.025,61.61828125,0.140025,0.06161828125,0.20164328125,0.0020667453047598,151.033711251081,204.687451720213
"3-5","2013-05-16","35",6,29.161139328,0.011,21.58,0.3,0.00719333333333333,139.017608897127,0.0033,0.653939393939394,1.1,161.7619048,91.14254894,0.1617619048,0.09114254894,0.25290445374,0.00441710570558207,186.07741619269,209.76579556608
"3-6","2013-03-07","10",1,31.32519138,0.016,35.6,0.32,0.011125,89.8876404494382,0.00512,0.6953125,1.6,94.00352113,55.48776995,0.09400352113,0.05548776995,0.14949129108,0.00601992659957771,105.686913616182,348.4927541025
"3-6","2013-03-22","10",2,25.603453986,0.013,15.73,0.14,0.0112357142857143,89.0019071837254,0.00182,0.864285714285714,1.3,15.55405405,67.87953276,0.01555405405,0.06787953276,0.08343358681,0.00198567171326484,97.1036096271135,287.673093714129
"3-6","2013-04-08","10",3,20.43429976,0.012,15.455,0.165,0.00936666666666667,106.761565836299,0.00198,0.780555555555556,1.2,87.27058835,43.11498235,0.08727058835,0.04311498235,0.1303855707,0.00227687114344895,122.768852768735,191.401274418667
"3-6","2013-04-17","10",4,24.529160012,0.014,18.29,0.18,0.0101611111111111,98.4144341170038,0.00252,0.725793650793651,1.4,197.9895105,55.58086131,0.1979895105,0.05558086131,0.25357037181,0.00337607177532689,131.846902106025,249.243520344155
"3-6","2013-05-01","10",5,25.079686578,0.012,15.01,0.19,0.0079,126.582278481013,0.00228,0.658333333333333,1.2,30.88317757,63.51001168,0.03088317757,0.06351001168,0.09439318925,0.00251764891002947,139.776199757354,198.1295239662
"3-6","2013-05-16","10",6,28.73742841,0.014,25.88,0.3,0.00862666666666667,115.919629057187,0.0042,0.616190476190476,1.4,23.625,87.41852882,0.023625,0.08741852882,0.11104352882,0.00472464078519494,130.399668392442,247.908215750267
"3-7","2013-03-07","15",1,22.126510146,0.011,10.1,0.13,0.00776923076923077,128.712871287129,0.00143,0.706293706293706,1.1,155.1304348,47.09412238,0.1551304348,0.04709412238,0.20222455718,0.00179248435492724,161.339725916043,171.905963442
"3-7","2013-03-22","15",2,30.721758998,0.018,9.64,0.09,0.0107111111111111,93.3609958506224,0.00162,0.595061728395062,1.8,45.95121951,53.01001646,0.04595121951,0.05301001646,0.09896123597,0.00179792486702166,103.61484941342,329.064174156355
"3-7","2013-04-08","15",3,26.436044766,0.024,15.645,0.09,0.0173833333333333,57.5263662511985,0.00216,0.724305555555556,2.4,47.71428571,108.4090893,0.04771428571,0.1084090893,0.15612337501,0.00255961586804895,68.1691666147053,459.546578182299
"3-7","2013-04-17","15",4,28.928063646,0.021,14.25,0.08,0.0178125,56.140350877193,0.00168,0.848214285714286,2.1,10.04705882,66.15199085,0.01004705882,0.06615199085,0.07619904967,0.00181857357843145,60.771046898294,515.281133694375
"3-7","2013-05-01","15",5,20.40674792,0.018,28.35,0.24,0.0118125,84.6560846560846,0.00432,0.65625,1.8,85.60714286,69.89217076,0.08560714286,0.06989217076,0.15549931362,0.00511544877307078,100.24395008957,241.054709805
"3-7","2013-05-16","15",6,24.795859176,0.016,31.43,0.32,0.009821875,101.813553929367,0.00512,0.6138671875,1.6,75.9,82.31561957,0.0759,0.08231561957,0.15821561957,0.0060823176564343,120.949682954866,243.541829344275
"4-1","2013-03-07","25",1,29.543890878,0.023,34.74,0.24,0.014475,69.0846286701209,0.00552,0.629347826086957,2.3,12.43700787,88.81444882,0.01243700787,0.08881444882,0.10125145669,0.00614187365430424,76.8675834685519,427.64782045905
"4-1","2013-03-22","25",2,16.51416552,0.014,35.18,0.27,0.0130296296296296,76.7481523592951,0.00378,0.930687830687831,1.4,7.990909091,48.46656944,0.007990909091,0.04846656944,0.056457478531,0.00400617875081552,81.3404278164443,215.173460367999
"4-1","2013-04-08","25",3,14.91399358,0.011,16.115,0.155,0.0103967741935484,96.1836798014272,0.001705,0.94516129032258,1.1,58.284,66.370422,0.058284,0.066370422,0.124654422,0.00194780215134645,109.880808470169,155.05742357529
"4-1","2013-04-17","25",4,19.11330059,0.012,20.77,0.2,0.010385,96.2927298988926,0.0024,0.865416666666667,1.2,29.1746988,58.47079384,0.0291746988,0.05847079384,0.08764549264,0.00263055641270921,105.543107555337,198.49162662715
"4-1","2013-05-01","25",5,22.203971732,0.011,20.25,0.21,0.00964285714285714,103.703703703704,0.00231,0.876623376623377,1.1,39.9486166,55.98585968,0.0399486166,0.05598585968,0.09593447628,0.00255512453399941,114.708172121186,214.109727415714
"4-1","2013-05-16","25",6,22.171291992,0.011,17.86,0.21,0.00850476190476191,117.581187010078,0.00231,0.773160173160173,1.1,68.70149254,72.96422803,0.06870149254,0.07296422803,0.14166572057,0.00269125916948583,136.987639696927,188.561559512914
"4-2","2013-03-07","10",1,22.117936652,0.012,25.39,0.2,0.012695,78.7711697518708,0.0024,1.05791666666667,1.2,65.51470588,66.23723039,0.06551470588,0.06623723039,0.13175193627,0.00276418698786333,90.7242676862063,280.78720579714
"4-2","2013-03-22","10",2,15.520103804,0.01,20,0.17,0.0117647058823529,85,0.0017,1.17647058823529,1,77.29965157,66.75396864,0.07729965157,0.06675396864,0.14405362021,0.00198610571893193,99.3052859465965,182.589456517646
"4-2","2013-04-08","10",3,14.79410738,0.01,16.79,0.155,0.0108322580645161,92.3168552709947,0.00155,1.08322580645161,1,114.0232559,92.23925,0.1140232559,0.09223925,0.2062625059,0.00195278667257304,116.306532017453,160.253588974322
"4-2","2013-04-17","10",4,20.036318446,0.011,17.68,0.2,0.00884,113.122171945701,0.0022,0.803636363636364,1.1,79.22619048,73.30271825,0.07922619048,0.07330271825,0.15252890873,0.0025959587561897,133.482042173473,177.12105506264
"4-2","2013-05-01","10",5,21.392812444,0.012,9.63,0.1,0.00963,103.842159916926,0.0012,0.8025,1.2,95.74468085,61.55105851,0.09574468085,0.06155105851,0.15729573936,0.0014239871044305,123.224913848261,206.01278383572
"4-2","2013-05-16","10",6,20.072400906,0.013,17.235,0.185,0.00931621621621622,107.339715694807,0.002405,0.716632016632017,1.3,33.58441558,97.68569553,0.03358441558,0.09768569553,0.13127011111,0.00276840941097691,123.559367609601,186.99882681887
"4-4","2013-03-07","35",1,27.358603328,0.018,20.88,0.15,0.01392,71.8390804597701,0.0027,0.773333333333333,1.8,81.60211268,88.61570423,0.08160211268,0.08861570423,0.17021781691,0.00325386596027593,86.5758290835443,380.83175832576
"4-4","2013-03-22","35",2,17.016487022,0.016,20.21,0.16,0.01263125,79.1687283523008,0.00256,0.789453125,1.6,94.87966805,76.7877417,0.09487966805,0.0767877417,0.17166740975,0.00309054603203209,95.5760153399335,214.939501696638
"4-4","2013-04-08","35",3,22.851540034,0.016,13.665,0.13,0.0105115384615385,95.1335528723015,0.00208,0.656971153846154,1.6,102.515625,55.08263672,0.102515625,0.05508263672,0.15759826172,0.00246913070745427,112.931334954915,240.204841972778
"4-4","2013-04-17","35",4,21.059934728,0.02,18.97,0.14,0.01355,73.8007380073801,0.0028,0.6775,2,55.53515625,60.7300013,0.05553515625,0.0607300013,0.11626515755,0.00316837117368541,83.5100467497473,285.3621155644
"4-4","2013-05-01","35",5,26.52390399,0.018,18.27,0.16,0.01141875,87.5752599890531,0.00288,0.634375,1.8,110.125,76.73143519,0.110125,0.07673143519,0.18685643519,0.00354180998858786,107.699628674447,302.869828685813
"4-4","2013-05-16","35",6,29.866777172,0.016,12.505,0.125,0.010004,99.9600159936026,0.002,0.62525,1.6,122.7524272,94.66583212,0.1227524272,0.09466583212,0.21741825932,0.00255564357821863,127.731086476341,298.787238828688
"4-5","2013-03-07","05",1,21.944980274,0.011,20.9,0.18,0.0116111111111111,86.1244019138756,0.00198,1.05555555555556,1.1,230.1954545,66.13862121,0.2301954545,0.06613862121,0.29633407571,0.00281383527559306,122.393878886171,254.805604292555
"4-5","2013-03-22","05",2,16.486449376,0.01,19,0.19,0.01,100,0.0019,1,1,150.1897233,70.69936265,0.1501897233,0.07069936265,0.22088908595,0.00243867717129434,128.351430068123,164.86449376
"4-5","2013-04-08","05",3,22.262609498,0.01,16.18,0.18,0.00898888888888889,111.248454882571,0.0018,0.898888888888889,1,159.7976189,72.1846627,0.1597976189,0.0721846627,0.2319822816,0.00234369592898184,144.851417118779,200.116123154244
"4-5","2013-04-17","05",4,25.231935544,0.01,13.62,0.13,0.0104769230769231,95.4478707782673,0.0013,1.04769230769231,1,99.67241379,71.3376954,0.09967241379,0.0713376954,0.17101010919,0.00156817352589159,115.137556967077,264.35304777637
"4-5","2013-05-01","05",5,22.469804674,0.012,12.14,0.12,0.0101166666666667,98.8467874794069,0.00144,0.843055555555556,1.2,67.95067265,64.96578818,0.06795067265,0.06496578818,0.13291646083,0.00166073963458978,113.999151193697,227.319523951967
"4-5","2013-05-16","05",6,24.950353122,0.014,14.57,0.135,0.0107925925925926,92.656142759094,0.00189,0.770899470899471,1.4,31.90178571,104.669298,0.03190178571,0.104669298,0.13657108371,0.00218894684245808,107.31183657506,269.278996287067
"4-6","2013-03-07","15",1,31.483342228,0.023,30.23,0.17,0.0177823529411765,56.235527621568,0.00391,0.773145780051151,2.3,9.881040892,55.69992565,0.009881040892,0.05569992565,0.065580966542,0.00418441818926813,60.1823439035241,559.847903266142
"4-6","2013-04-08","15",3,23.161289826,0.014,33.46,0.26,0.0128692307692308,77.7047220561865,0.00364,0.919230769230769,1.4,24.00000011,72.19095018,0.02400000011,0.07219095018,0.09619095029,0.00402739937287411,85.9747112303414,298.067983683831
"4-6","2013-04-17","15",4,23.680366272,0.013,34.43,0.29,0.0118724137931034,84.2288701713622,0.00377,0.913262599469496,1.3,17.61538462,72.53360073,0.01761538462,0.07253360073,0.09014898535,0.004143535523176,92.57435427905,281.143107153433
"4-6","2013-05-16","15",6,31.996002836,0.016,23.61,0.22,0.0107318181818182,93.1808555696739,0.00352,0.670738636363636,1.6,36.3546798,97.32892693,0.0363546798,0.09732892693,0.13368360673,0.00406318064317518,107.559843370796,343.375284980891
"4-7","2013-03-07","20",1,19.808783102,0.01,13.4,0.12,0.0111666666666667,89.5522388059701,0.0012,1.11666666666667,1,126.7468354,60.85461322,0.1267468354,0.06085461322,0.18760144862,0.00147710750833023,110.231903606734,221.198077972334
"4-7","2013-03-22","20",2,18.181752408,0.012,12.36,0.1,0.01236,80.9061488673139,0.0012,1.03,1.2,135.8953488,56.5787345,0.1358953488,0.0565787345,0.1924740833,0.00148602041765281,100.190157608738,224.72645976288
"4-7","2013-04-17","20",4,25.796474142,0.014,8.88,0.1,0.00888,112.612612612613,0.0014,0.634285714285714,1.4,130.5977011,79.10583525,0.1305977011,0.07910583525,0.20970353635,0.00177148711198083,142.494137064095,229.07269038096
"4-7","2013-05-01","20",5,38.381041682,0.019,9.07,0.11,0.00824545454545455,121.278941565601,0.00209,0.433971291866029,1.9,62.12376238,67.4602599,0.06212376238,0.0674602599,0.12958402228,0.00240115077560343,139.334461533304,316.469134596128
"4-7","2013-05-16","20",6,38.017776144,0.021,9.14,0.095,0.00962105263157895,103.938730853392,0.001995,0.458145363408521,2.1,51.50704225,82.27112285,0.05150704225,0.08227112285,0.1337781651,0.00230310518578686,119.990892246893,365.771025217011
"4-8","2013-03-07","free",1,40.455795122,0.031,38.5,0.23,0.0167391304347826,59.7402597402597,0.00713,0.539971949509116,3.1,11.05154639,74.96127148,0.01105154639,0.07496127148,0.08601281787,0.00780098467396873,65.3622511434331,677.19483139
"4-8","2013-03-22","free",2,36.252423324,0.03,25.18,0.16,0.0157375,63.5424940428912,0.0048,0.524583333333333,3,5.91588785,42.36673705,0.00591588785,0.04236673705,0.0482826249,0.00504351409944118,66.7661384622873,570.52251206145
"4-8","2013-04-08","free",3,30.488835966,0.023,31.155,0.26,0.0119826923076923,83.4536992457069,0.00598,0.520986622073579,2.3,112.232558,73.74785368,0.112232558,0.07374785368,0.18598041168,0.00734626056400156,102.52050496468,365.338340200281
"4-8","2013-04-17","free",4,29.527741664,0.019,46.58,0.42,0.0110904761904762,90.167453842851,0.00798,0.583709273182957,1.9,84.328125,56.93066016,0.084328125,0.05693066016,0.14125878516,0.00929267148483938,104.99956481028,327.476715883124
"4-8","2013-05-01","free",5,30.014836136,0.016,28.16,0.29,0.00971034482758621,102.982954545455,0.00464,0.606896551724138,1.6,107.9853659,64.28828049,0.1079853659,0.06428828049,0.17227364639,0.00560571737236994,124.416667533069,291.454408824055
"4-8","2013-05-16","free",6,35.562868946,0.015,29.37,0.38,0.00772894736842105,129.383724889343,0.0057,0.515263157894737,1.5,134.5656109,66.11068967,0.1345656109,0.06611068967,0.20067630057,0.007131028398213,161.86649411447,274.863542353689
"5-2","2013-03-07","25",1,15.606365456,0.01,19,0.16,0.011875,84.2105263157895,0.0016,1.1875,1,124.7563636,71.41281212,0.1247563636,0.07141281212,0.19616917572,0.00199046858079017,104.761504252114,185.32558979
"5-2","2013-03-22","25",2,17.056889706,0.01,15.6,0.13,0.012,83.3333333333333,0.0013,1.2,1,90.13636364,79.12520485,0.09013636364,0.07912520485,0.16926156849,0.00156487282963067,100.312360873761,204.682676472
"5-2","2013-04-08","25",3,24.859589884,0.013,14.65,0.13,0.0112692307692308,88.7372013651877,0.00169,0.866863905325444,1.3,59.56809339,103.4550097,0.05956809339,0.1034550097,0.16302310309,0.00201917162377987,106.021088148063,280.148455231232
"5-2","2013-04-17","25",4,29.793442906,0.014,20.76,0.25,0.008304,120.423892100193,0.0035,0.593142857142857,1.4,68.33333333,75.37927842,0.06833333333,0.07537927842,0.14371261175,0.00408741276355007,140.634901030487,247.404749891424
"5-2","2013-05-16","25",6,27.115687222,0.018,16.075,0.16,0.010046875,99.5334370139969,0.00288,0.558159722222222,1.8,49.25714286,89.69996389,0.04925714286,0.08969996389,0.13895710675,0.00334478110507301,115.596374808122,272.427920058531
"5-3","2013-03-07","10",1,26.963009152,0.014,13.9,0.15,0.00926666666666667,107.913669064748,0.0021,0.661904761904762,1.4,186.222973,42.48225225,0.186222973,0.04248225225,0.22870522525,0.00272269444672521,139.912355946825,249.857218141867
"5-3","2013-03-22","10",2,26.858265392,0.013,11.29,0.12,0.00940833333333333,106.288751107175,0.00156,0.723717948717949,1.3,182.4485294,58.21738051,0.1824485294,0.05821738051,0.24066590991,0.00205443166632371,139.976266697807,252.691513563067
"5-3","2013-04-08","10",3,21.424757302,0.013,13.305,0.155,0.00858387096774194,116.497557309282,0.002015,0.66029776674938,1.3,151.1884617,45.60427885,0.1511884617,0.04560427885,0.19679274055,0.00250869246547869,145.040468619587,183.907352195555
"5-3","2013-04-17","10",4,20.22960869,0.013,13.38,0.17,0.00787058823529412,127.055306427504,0.00221,0.605429864253394,1.3,111.3263158,75.50126433,0.1113263158,0.07550126433,0.18682758013,0.00271775080659193,156.246453178793,159.218920160118
"5-3","2013-05-01","10",5,23.358419308,0.013,6.39,0.06,0.01065,93.8967136150235,0.00078,0.819230769230769,1.3,131.987234,92.00655851,0.131987234,0.09200655851,0.22399379251,0.00100514659866307,120.999951686899,248.7671656302
"5-3","2013-05-16","10",6,24.6036928,0.016,11.165,0.145,0.0077,129.87012987013,0.00232,0.48125,1.6,64.16666667,85.17819198,0.06416666667,0.08517819198,0.14934485865,0.00272730967841813,152.670716436304,189.44843456
"5-4","2013-04-08","15",3,17.166990188,0.015,14.885,0.115,0.0129434782608696,77.2589855559288,0.001725,0.862898550724638,1.5,15.44943809,70.95026685,0.01544943809,0.07095026685,0.08639970494,0.00188813424133878,84.5654122198536,222.20056430294
"5-4","2013-04-17","15",4,22.815594995,0.018,24,0.2,0.012,83.3333333333333,0.0036,0.666666666666667,1.8,14.68791946,79.49141946,0.01468791946,0.07949141946,0.09417933892,0.00397429662921108,91.997607157664,273.78713994
"5-4","2013-05-01","15",5,22.036883378,0.018,13.39,0.12,0.0111583333333333,89.6191187453323,0.00216,0.619907407407407,1.8,12.02764977,85.83067972,0.01202764977,0.08583067972,0.09785832949,0.00239430243675465,99.3404048109968,245.894890359516
"5-4","2013-05-16","15",6,26.080576578,0.017,26.395,0.27,0.00977592592592593,102.292100776662,0.00459,0.575054466230937,1.7,33.14285714,104.2436357,0.03314285714,0.1042436357,0.13738649284,0.00532103886839397,118.583931190042,254.961784731967
"5-5","2013-03-07","20",1,20.050237156,0.009,21,0.25,0.0084,119.047619047619,0.00225,0.933333333333333,0.9,140.6366782,49.89197232,0.1406366782,0.04989197232,0.19052865052,0.00277959189222125,147.06835408578,168.4219921104
"5-5","2013-03-22","20",2,25.443155072,0.01,12.28,0.15,0.00818666666666667,122.14983713355,0.0015,0.818666666666667,1,13.54205607,70.56471964,0.01354205607,0.07056471964,0.08410677571,0.00163774549283602,133.366896810751,208.294629522773
"5-5","2013-04-08","20",3,31.822856302,0.014,13.41,0.155,0.00865161290322581,115.58538404176,0.00217,0.617972350230415,1.4,55.19548861,60.98595395,0.05519548861,0.06098595395,0.11618144256,0.00245525507665901,130.779539611111,275.319034199884
"5-5","2013-04-17","20",4,32.745769976,0.015,10.62,0.14,0.00758571428571429,131.826741996234,0.0021,0.505714285714286,1.5,29.91397849,63.73227121,0.02991397849,0.06373227121,0.0936462497,0.00231697612472493,145.447339907403,248.400055103657
"5-5","2013-05-01","20",5,31.3662613725,0.016,10.59,0.15,0.00706,141.643059490085,0.0024,0.44125,1.6,14.175,88.8266875,0.014175,0.0888266875,0.1030016875,0.00267559031779115,157.907832730828,221.44580528985
"5-5","2013-05-16","20",6,25.4191886625,0.018,9.935,0.115,0.00863913043478261,115.7523905385,0.00207,0.479951690821256,1.8,25.70616114,91.24580909,0.02570616114,0.09124580909,0.11695197023,0.00234415335317509,131.082779912492,219.599686401685
"5-6","2013-03-07","free",1,30.0447047,0.027,40.5,0.23,0.0176086956521739,56.7901234567901,0.00621,0.652173913043478,2.7,102.4253731,53.18355721,0.1024253731,0.05318355721,0.15560893031,0.00735441221835739,67.2557130165285,529.048061021739
"5-6","2013-03-22","free",2,39.109674244,0.029,49.87,0.31,0.0160870967741935,62.1616202125526,0.00899,0.554727474972191,2.9,32.21359223,76.1477311,0.03221359223,0.0761477311,0.10836132333,0.0100825594887549,69.7161550289714,629.161114370411
"5-6","2013-04-08","free",3,30.414748888,0.022,27.855,0.195,0.0142846153846154,70.0053850296177,0.00429,0.649300699300699,2.2,51.39,106.6169292,0.05139,0.1066169292,0.1580069292,0.00509505380599386,83.1424716632213,434.462989884739
"5-6","2013-04-17","free",4,26.908694864,0.019,28.26,0.2,0.01413,70.7714083510262,0.0038,0.743684210526316,1.9,26.73046875,61.63949609,0.02673046875,0.06163949609,0.08836996484,0.00416835761596322,77.6317207874849,380.21985842832
"5-6","2013-05-01","free",5,34.631429114,0.02,44.74,0.48,0.00932083333333333,107.286544479213,0.0096,0.466041666666667,2,90.86956522,98.826407,0.09086956522,0.098826407,0.18969597222,0.0118474050120437,132.402827582071,322.793778866742
"5-6","2013-05-16","free",6,32.105907614,0.019,31.83,0.36,0.00884166666666667,113.100848256362,0.00684,0.465350877192982,1.9,125.9142857,80.49935437,0.1259142857,0.08049935437,0.20641364007,0.00861909975444051,142.518639390851,283.869733153783
"5-7","2013-03-07","35",1,31.843618964,0.025,30.2,0.19,0.0158947368421053,62.9139072847682,0.00475,0.63578947368421,2.5,95.70731707,70.22418699,0.09570731707,0.07022418699,0.16593150406,0.00569497591998931,75.43014463562,506.145943533054
"5-7","2013-03-22","35",2,28.582846286,0.018,35.98,0.25,0.014392,69.4830461367426,0.0045,0.799555555555555,1.8,23.56730769,86.18958821,0.02356730769,0.08618958821,0.1097568959,0.0050547990535117,78.049519077137,411.364323748112
"5-7","2013-04-08","35",3,19.536457214,0.016,27.115,0.21,0.0129119047619048,77.4479070625115,0.00336,0.806994047619047,1.6,42.03225806,72.22395609,0.04203225806,0.07222395609,0.11425621415,0.00379342204108787,87.4382731211476,252.252874932196
"5-7","2013-04-17","35",4,23.245021542,0.015,35.42,0.34,0.0104176470588235,95.990965556183,0.0051,0.694509803921569,1.5,77.56719368,52.02467852,0.07756719368,0.05202467852,0.1295918722,0.00585932028563486,110.282708180592,242.158430299305
"5-7","2013-05-01","35",5,23.9310912,0.015,20.28,0.21,0.00965714285714286,103.550295857988,0.00315,0.643809523809524,1.5,37.69626168,87.09669977,0.03769626168,0.08709669977,0.12479296145,0.00359914838575655,118.315200057743,231.105966445714
"5-7","2013-05-16","35",6,25.848563608,0.014,34.62,0.34,0.0101823529411765,98.209127671866,0.00476,0.727310924369748,1.4,59.36111111,73.81403704,0.05936111111,0.07381403704,0.13317514815,0.0054913054117462,113.297545014158,263.199197679107
"5-8","2013-03-22","05",2,25.148876644,0.013,16.84,0.17,0.00990588235294118,100.950118764846,0.00221,0.761990950226244,1.3,47.76136364,54.50291193,0.04776136364,0.05450291193,0.10226427557,0.00246174897562776,112.44970654247,249.121813344094
"5-8","2013-04-08","05",3,23.586011254,0.01,13.04,0.15,0.00869333333333333,115.030674846626,0.0015,0.869333333333333,1,142.8185328,73.88084459,0.1428185328,0.07388084459,0.21669937739,0.00191497358319711,146.853802392416,205.041057834773
"5-8","2013-04-17","05",4,22.008032272,0.011,22.61,0.26,0.00869615384615384,114.99336576736,0.00286,0.79055944055944,1.1,92.87258687,61.17201416,0.09287258687,0.06117201416,0.15404460103,0.00338079289225202,135.933130644205,191.385234488431
"5-8","2013-05-16","05",6,29.259999836,0.012,14.335,0.19,0.00754473684210526,132.542727589815,0.00228,0.628728070175439,1.2,50.23963134,87.06147389,0.05023963134,0.08706147389,0.13730110523,0.00264286880836663,153.637298474981,220.758998762663
"6-1","2013-03-07","35",1,24.11292705,0.018,40.2,0.25,0.01608,62.1890547263682,0.0045,0.893333333333333,1.8,106.5679012,51.79438957,0.1065679012,0.05179438957,0.15836229077,0.00534671860665199,73.8905280079048,387.735866964
"6-1","2013-03-22","35",2,24.014550702,0.015,50.68,0.41,0.0123609756097561,80.8997632202052,0.00615,0.824065040650407,1.5,93.38541667,51.73624913,0.09338541667,0.05173624913,0.1451216658,0.00719400615732671,94.6330723142161,296.843275506673
"6-1","2013-04-08","35",3,20.280137874,0.011,47.43,0.44,0.0107795454545455,92.7682901117436,0.00484,0.97995867768595,1.1,95.95555567,90.4441713,0.09595555567,0.0904441713,0.18639972697,0.0059488672268692,114.021950565795,218.610668037233
"6-1","2013-04-17","35",4,22.366765616,0.012,27.35,0.23,0.0118913043478261,84.0950639853748,0.00276,0.990942028985507,1.2,83.81521739,51.32216546,0.08381521739,0.05132216546,0.13513738285,0.003191258293826,97.2351704395491,265.970017216348
"6-1","2013-05-01","35",5,20.56407443,0.011,25.55,0.29,0.00881034482758621,113.502935420744,0.00319,0.800940438871473,1.1,99.89861751,60.568053,0.09989861751,0.060568053,0.16046667051,0.00379973002612995,135.197652593131,181.176586788448
"6-1","2013-05-16","35",6,21.609065058,0.011,14.6,0.18,0.00811111111111111,123.287671232877,0.00198,0.737373737373737,1.1,112.6256158,73.06331076,0.1126256158,0.07306331076,0.18568892656,0.00243150322349864,151.40119697999,175.273527692667
"6-3","2013-03-07","05",1,17.378395186,0.011,27.1,0.21,0.0129047619047619,77.4907749077491,0.00231,1.17316017316017,1.1,84.2749004,37.39921647,0.0842749004,0.03739921647,0.12167411687,0.00263000333289518,88.2255395134243,224.26405216219
"6-3","2013-03-22","05",2,20.540292292,0.012,27.14,0.26,0.0104384615384615,95.7995578481946,0.00312,0.869871794871795,1.2,91.73863636,50.75705682,0.09173863636,0.05075705682,0.14249569318,0.00363846569070926,111.71903987685,214.409051078799
"6-3","2013-04-08","05",3,20.764343946,0.01,11.8,0.15,0.00786666666666667,127.118644067797,0.0015,0.786666666666667,1,101.0571429,64.81758036,0.1010571429,0.06481758036,0.16587472326,0.00179829102633411,152.397544604586,163.3461723752
"6-3","2013-04-17","05",4,21.185784814,0.009,15.23,0.19,0.00801578947368421,124.753775443204,0.00171,0.890643274853801,0.9,65.44086022,60.04423775,0.06544086022,0.06004423775,0.12548509797,0.00195536976674794,142.654830870938,169.8207909038
"6-3","2013-05-01","05",5,17.762424582,0.01,7.57,0.07,0.0108142857142857,92.4702774108322,7e-04,1.08142857142857,1,53.44864865,89.58794554,0.05344864865,0.08958794554,0.14303659419,0.000816837679712078,107.904581203709,192.0879344082
"6-3","2013-05-16","05",6,17.201565462,0.01,10.24,0.13,0.00787692307692308,126.953125,0.0013,0.787692307692308,1,62.02427184,76.05385882,0.06202427184,0.07605385882,0.13807813066,0.00150825735631404,147.290757452543,135.495407946831
"6-4","2013-03-07","20",1,21.308366814,0.01,15.9,0.13,0.0122307692307692,81.7610062893082,0.0013,1.22307692307692,1,103.0921053,46.71790936,0.1030921053,0.04671790936,0.14981001466,0.00152906999896043,96.16792446292,260.617717186615
"6-4","2013-03-22","20",2,20.570575156,0.011,22.27,0.21,0.0106047619047619,94.2972608890884,0.00231,0.964069264069264,1.1,87.73933649,71.18959605,0.08773933649,0.07118959605,0.15892893254,0.00274649799448708,112.115687410176,218.14605177339
"6-4","2013-04-08","20",3,21.0725195,0.014,23.825,0.255,0.00934313725490196,107.030430220357,0.00357,0.667366946778711,1.4,24.92647048,64.26088695,0.02492647048,0.06426088695,0.08918735743,0.00391957668695363,117.510918511576,196.883441995098
"6-4","2013-04-17","20",4,28.072169356,0.016,24.51,0.28,0.00875357142857143,114.239086087311,0.00448,0.547098214285714,1.6,12.89878543,45.45848988,0.01289878543,0.04545848988,0.05835727531,0.00475764308748296,121.31892817939,245.7317396127
"6-4","2013-05-01","20",5,27.742471742,0.019,19.39,0.16,0.01211875,82.5167612171222,0.00304,0.637828947368421,1.9,38.78475336,77.99821188,0.03878475336,0.07799821188,0.11678296524,0.00344196259849774,93.4275019271394,336.204079423362
"6-4","2013-05-16","20",6,26.187812296,0.02,23,0.19,0.0121052631578947,82.6086956521739,0.0038,0.605263157894737,2,40.0546875,74.03405794,0.0400546875,0.07403405794,0.11408874544,0.00428936869290291,93.2471454978892,317.010359372631
"6-5","2013-03-07","10",1,19.156525964,0.01,31.2,0.25,0.01248,80.1282051282051,0.0025,1.248,1,136.3601695,63.75956215,0.1363601695,0.06375956215,0.20011973165,0.00312546777176667,100.175249095086,239.07344403072
"6-5","2013-03-22","10",2,19.245245276,0.011,25.21,0.2,0.012605,79.3335977786593,0.0022,1.14590909090909,1.1,122.5877863,55.03450906,0.1225877863,0.05503450906,0.17762229536,0.00267516980043016,96.4685658804283,242.58631670398
"6-5","2013-04-08","10",3,17.661212258,0.011,21.24,0.21,0.0101142857142857,98.8700564971752,0.00231,0.919480519480519,1.1,121.902439,82.58916159,0.121902439,0.08258916159,0.20449160059,0.0029038034063666,124.285370928206,178.630546838057
"6-5","2013-04-17","10",4,19.24749291,0.012,17.65,0.2,0.008825,113.314447592068,0.0024,0.735416666666666,1.2,85.98823529,50.21759608,0.08598823529,0.05021759608,0.13620583137,0.0027784396875548,131.182232651313,169.85912493075
"6-5","2013-05-01","10",5,17.2915624225,0.013,11.91,0.11,0.0108272727272727,92.3593618807725,0.00143,0.832867132867133,1.3,101.5471698,78.4960908,0.1015471698,0.0784960908,0.1800432606,0.00174399444664166,112.639310640164,187.220462229068
"6-5","2013-05-16","10",6,21.717583368,0.013,21.39,0.22,0.00972272727272727,102.851799906498,0.00286,0.747902097902098,1.3,77.65505226,86.56690912,0.07765505226,0.08656690912,0.16422196138,0.00342196117610641,123.061142018427,211.154140109782
"6-6","2013-03-07","15",1,26.475851484,0.017,30.5,0.23,0.0132608695652174,75.4098360655738,0.00391,0.780051150895141,1.7,86.45038168,46.02736641,0.08645038168,0.04602736641,0.13247774809,0.00450708900133854,86.9255352235012,351.092813157392
"6-6","2013-03-22","15",2,20.179627748,0.014,18.74,0.14,0.0133857142857143,74.7065101387407,0.00196,0.956122448979592,1.4,116.3023256,43.40911142,0.1163023256,0.04340911142,0.15971143702,0.00233253204476454,88.9057800260918,270.1187314268
"6-6","2013-04-08","15",3,19.28471392,0.01,19.57,0.225,0.00869777777777778,114.971895758815,0.00225,0.869777777777778,1,107.7628457,71.20854743,0.1077628457,0.07120854743,0.17897139313,0.00274046480375106,140.033970554474,167.734156184178
"6-6","2013-04-17","15",4,17.354331058,0.011,24.54,0.28,0.00876428571428571,114.099429502853,0.00308,0.796753246753247,1.1,91.68965517,85.018375,0.09168965517,0.085018375,0.17670803017,0.00374107863658136,138.589265636118,152.098315772614
"6-6","2013-05-01","15",5,26.925239686,0.012,22.42,0.24,0.00934166666666667,107.047279214987,0.00288,0.778472222222222,1.2,66.50826446,73.46600723,0.06650826446,0.07346600723,0.13997427169,0.00334873702634381,124.469856762705,251.526614066717
"6-6","2013-05-16","15",6,20.898875798,0.012,20.1,0.2,0.01005,99.502487562189,0.0024,0.8375,1.2,47.47826087,91.0485777,0.04747826087,0.0910485777,0.13852683857,0.00278592544428909,115.502713278984,210.0337017699
"6-7","2013-03-07","25",1,23.632840708,0.013,23.7,0.19,0.0124736842105263,80.168776371308,0.00247,0.959514170040486,1.3,119.024735,42.82467609,0.119024735,0.04282467609,0.16184941109,0.00294696446280876,95.6496093089502,294.788591989263
"6-7","2013-03-22","25",2,24.600533214,0.011,23.8,0.27,0.00881481481481481,113.44537815126,0.00297,0.801346801346801,1.1,168.5320755,60.94833302,0.1685320755,0.06094833302,0.22948040852,0.0038545418349393,147.23230843924,216.849144627111
"6-7","2013-04-08","25",3,28.10720997,0.013,19.4505,0.23,0.00845673913043478,118.248888203388,0.00299,0.650518394648829,1.3,143.7539063,65.5138623,0.1437539063,0.0655138623,0.2092677686,0.00378130532848797,149.543528779682,237.695342400646
"6-7","2013-04-17","25",4,29.73894317,0.014,27.76,0.24,0.0115666666666667,86.4553314121037,0.00336,0.826190476190476,1.4,99.72151899,48.83433615,0.09972151899,0.04883433615,0.14855585514,0.0039462365444447,101.539639369203,343.980442666334
"6-7","2013-05-01","25",5,30.23633066,0.018,18.31,0.16,0.01144375,87.3839432004369,0.00288,0.635763888888889,1.8,87.40140845,83.97306925,0.08740140845,0.08397306925,0.1713744777,0.00347563516026641,105.456494941028,346.017008990375
"6-7","2013-05-16","25",6,34.312005446,0.017,24.16,0.25,0.009664,103.476821192053,0.00425,0.568470588235294,1.7,89.43497758,63.98347422,0.08943497758,0.06398347422,0.1534184518,0.00502018973722773,122.229006068069,331.591220630144
"6-8","2013-03-07","free",1,36.347598248,0.028,27.3,0.16,0.0170625,58.6080586080586,0.00448,0.609375,2.8,62.85869565,66.6407971,0.06285869565,0.0666407971,0.12949949275,0.00514646454848461,67.3268517593487,620.1808951065
"6-8","2013-03-22","free",2,37.560760432,0.032,37.94,0.26,0.0145923076923077,68.5292567211387,0.00832,0.456009615384615,3.2,19.29056604,87.76039568,0.01929056604,0.08776039568,0.10705096172,0.0093174410221954,76.744868725252,548.0981733808
"6-8","2013-04-08","free",3,31.404724274,0.027,24.89,0.165,0.0150848484848485,66.2916834069908,0.004455,0.558698092031425,2.7,44.48809536,110.5606349,0.04448809536,0.1105606349,0.15504873026,0.005272493408254,78.4562208272548,473.735507381734
"6-8","2013-04-17","free",4,31.096301856,0.02,25.08,0.24,0.01045,95.6937799043062,0.0048,0.5225,2,71.53220339,51.50467458,0.07153220339,0.05150467458,0.12303687797,0.00547343426356279,109.119502862097,324.9563543952
"6-8","2013-05-01","free",5,32.036100588,0.023,27.47,0.24,0.0114458333333333,87.3680378594831,0.00552,0.497644927536232,2.3,24.48086124,90.89470694,0.02448086124,0.09089470694,0.11537556818,0.00623993618245804,98.7628588097377,366.679867980149
"6-8","2013-05-16","free",6,40.099790665,0.025,21.31,0.23,0.00926521739130435,107.93054903801,0.00575,0.370608695652174,2.5,56.36915888,103.8234412,0.05636915888,0.1038234412,0.16019260008,0.00684680797114641,128.518216258028,371.533277857022
"7-1","2013-03-07","15",1,21.364007056,0.015,18.5,0.13,0.0142307692307692,70.2702702702703,0.00195,0.948717948717949,1.5,69.54166667,50.0799537,0.06954166667,0.0500799537,0.11962162037,0.00221495671079466,79.8182598484563,304.026254258461
"7-1","2013-04-08","15",3,18.879615466,0.01,18.865,0.185,0.0101972972972973,98.0652001060164,0.00185,1.01972972972973,1,110.4705882,56.15910784,0.1104705882,0.05615910784,0.16662969604,0.00221990151461984,117.673019592888,192.521051765454
"7-1","2013-04-17","15",4,19.018874622,0.009,13.94,0.14,0.00995714285714286,100.430416068867,0.00126,1.10634920634921,0.9,111.7237762,71.32226505,0.1117237762,0.07132226505,0.18304604125,0.00154231457783483,122.932773619865,189.373651593343
"7-1","2013-05-01","15",5,22.48698128,0.01,18.52,0.21,0.00881904761904762,113.390928725702,0.0021,0.881904761904762,1,112.2686916,59.805625,0.1122686916,0.059805625,0.1720743166,0.00253645954232998,136.957858657126,198.313758716952
"7-1","2013-05-16","15",6,21.712212978,0.01,16.53,0.2,0.008265,120.992135511192,0.002,0.8265,1,145.4571429,104.6269944,0.1454571429,0.1046269944,0.2500841373,0.00266696585507498,161.340947070477,179.45144026317
"7-2","2013-03-07","free",1,34.536086724,0.03,22,0.15,0.0146666666666667,68.1818181818182,0.0045,0.488888888888889,3,35.74253731,45.01094527,0.03574253731,0.04501094527,0.08075348258,0.00489531362341182,74.1714185365428,506.529271952001
"7-2","2013-03-22","free",2,40.528198092,0.032,32.72,0.22,0.0148727272727273,67.2371638141809,0.00704,0.464772727272727,3.2,3.294871795,68.34690302,0.003294871795,0.06834690302,0.071641774815,0.0075832796101926,72.4258825851219,602.764837077383
"7-2","2013-04-08","free",3,31.336866836,0.029,22.77,0.15,0.01518,65.8761528326746,0.00435,0.523448275862069,2.9,46.05283019,87.17286792,0.04605283019,0.08717286792,0.13322569811,0.00501860748584128,76.0015066079275,475.69363857048
"7-2","2013-04-17","free",4,32.9117206,0.028,29.58,0.2,0.01479,67.6132521974307,0.0056,0.528214285714286,2.8,13.6374502,49.50676627,0.0136374502,0.04950676627,0.06314421647,0.00597744081687753,72.1703952583494,486.764347674
"7-2","2013-05-01","free",5,32.82545562,0.029,22.5,0.2,0.01125,88.8888888888889,0.0058,0.387931034482759,2.9,9.839712919,74.15832536,0.009839712919,0.07415832536,0.083998038279,0.00633186416883088,97.0400638901285,369.286375725
"7-2","2013-05-16","free",6,39.811355458,0.022,26.97,0.29,0.0093,107.52688172043,0.00638,0.422727272727273,2.2,53.41747573,82.42882605,0.05341747573,0.08242882605,0.13584630178,0.00738294589624698,124.430274315687,370.2456057594
"7-3","2013-03-22","25",2,23.956832308,0.011,9.46,0.06,0.0157666666666667,63.4249471458774,0.00066,1.43333333333333,1.1,34.34439834,77.58328786,0.03434439834,0.07758328786,0.1119276862,0.000743182722559952,71.4186740880215,377.719389389467
"7-3","2013-04-08","25",3,21.393198262,0.025,7.74,0.06,0.0129,77.5193798449612,0.0015,0.516,2.5,98.11067194,74.3883192,0.09811067194,0.0743883192,0.17249899114,0.00181268661178608,93.6788946659475,275.9722575798
"7-3","2013-04-17","25",4,24.586232104,0.017,10.5,0.07,0.015,66.6666666666667,0.00119,0.88235294117647,1.7,84.01239669,54.87049174,0.08401239669,0.05487049174,0.13888288843,0.00138192585423181,77.4188153631265,368.79348156
"7-3","2013-05-01","25",5,32.717469142,0.017,18.7,0.17,0.011,90.9090909090909,0.00289,0.647058823529412,1.7,100.0647321,62.41425781,0.1000647321,0.06241425781,0.16247898991,0.0034506597030795,108.545445205395,359.892160562
"7-3","2013-05-16","25",6,23.761569808,0.016,18.83,0.18,0.0104611111111111,95.5921402018056,0.00288,0.653819444444444,1.6,91.43414634,71.98233333,0.09143414634,0.07198233333,0.16341647967,0.00344257319205135,114.264909454705,248.572421935911
"7-4","2013-03-07","10",1,25.438236316,0.01,16.7,0.21,0.00795238095238095,125.748502994012,0.0021,0.795238095238095,1,157.3902439,41.09659892,0.1573902439,0.04109659892,0.19848684282,0.0026200443263945,156.88888182003,202.294545941524
"7-4","2013-03-22","10",2,27.695079704,0.018,9.28,0.1,0.00928,107.758620689655,0.0018,0.515555555555555,1.8,7.975903614,70.59231024,0.007975903614,0.07059231024,0.078568213854,0.00195348155670722,116.946932274139,257.01033965312
"7-4","2013-04-08","10",3,27.29633722,0.017,15.655,0.155,0.0101,99.009900990099,0.002635,0.594117647058823,1.7,61.77220089,90.26877896,0.06177220089,0.09026877896,0.15204097985,0.00310746148974732,116.76260130187,275.693005922
"7-4","2013-04-17","10",4,31.536953216,0.017,11.65,0.13,0.00896153846153846,111.587982832618,0.00221,0.527149321266968,1.7,41.07089552,51.36885199,0.04107089552,0.05136885199,0.09243974751,0.00243510003213186,122.953801167981,282.619619204923
"7-4","2013-05-01","10",5,26.542199762,0.017,18.84,0.16,0.011775,84.9256900212314,0.00272,0.692647058823529,1.7,61.96621622,65.80098536,0.06196621622,0.06580098536,0.12776720158,0.00311843352477358,97.365852528212,312.53440219755
"7-4","2013-05-16","10",6,28.957232772,0.017,16.16,0.14,0.0115428571428571,86.6336633663366,0.00238,0.678991596638655,1.7,74.90625,67.22443452,0.07490625,0.06722443452,0.14213068452,0.00277431533807492,100.987017256659,334.249201139656
"7-5","2013-03-07","20",1,20.475249756,0.009,18.6,0.18,0.0103333333333333,96.7741935483871,0.00162,1.14814814814815,0.9,187.7142857,39.25194444,0.1877142857,0.03925194444,0.22696623014,0.00209563936682014,125.187536847082,211.577580811999
"7-5","2013-03-22","20",2,22.2039875,0.012,16.94,0.2,0.00847,118.063754427391,0.0024,0.705833333333333,1.2,239.9464286,38.47454241,0.2399464286,0.03847454241,0.27842097101,0.00332603901108282,163.618605425168,188.067774125
"7-5","2013-04-08","20",3,26.097515704,0.015,16.045,0.205,0.00782682926829268,127.765659083827,0.003075,0.521788617886179,1.5,175.7201366,75.37701365,0.1757201366,0.07537701365,0.25109715025,0.0041060065414713,170.603782755637,204.260799741795
"7-5","2013-04-17","20",4,26.062047476,0.019,26.91,0.22,0.0122318181818182,81.7539947974731,0.00418,0.64377990430622,1.9,94.65107914,44.33382854,0.09465107914,0.04433382854,0.13898490768,0.00485473487896364,94.9507105353838,318.786226172346
"7-5","2013-05-01","20",5,29.394718494,0.017,23.24,0.22,0.0105636363636364,94.6643717728055,0.00374,0.621390374331551,1.7,84.13392857,52.75695313,0.08413392857,0.05275695313,0.1368908817,0.00433317169370936,109.678335873984,310.515117182074
"7-5","2013-05-16","20",6,22.5620379,0.014,22.91,0.21,0.0109095238095238,91.6630292448712,0.00294,0.779251700680272,1.4,122.625,88.11924279,0.122625,0.08811924279,0.21074424279,0.00372502826003174,116.138562699749,246.141089661428
"7-6","2013-03-07","05",1,20.910204362,0.009,19.7,0.18,0.0109444444444444,91.3705583756345,0.00162,1.21604938271605,0.9,143.5913978,39.39205496,0.1435913978,0.03939205496,0.18298345276,0.00198282397764475,111.834403702468,228.850569961888
"7-6","2013-03-22","05",2,18.428434866,0.01,19.72,0.22,0.00896363636363636,111.561866125761,0.0022,0.896363636363636,1,192.826087,33.474851,0.192826087,0.033474851,0.226300938,0.00284348283208853,144.1928413838,165.185788889782
"7-6","2013-04-08","05",3,14.477303372,0.008,8.925,0.09,0.00991666666666667,100.840336134454,0.00072,1.23958333333333,0.8,190.7843865,55.24734201,0.1907843865,0.05524734201,0.24603172851,0.000954947346228679,133.746126922784,143.566591772333
"7-6","2013-04-17","05",4,23.48343969,0.01,18.06,0.22,0.00820909090909091,121.816168327796,0.0022,0.820909090909091,1,104.2653061,67.67064602,0.1042653061,0.06767064602,0.17193595212,0.00265679932081632,147.109596944425,192.777691273364
"7-6","2013-05-16","05",6,23.134708982,0.012,9.25,0.11,0.00840909090909091,118.918918918919,0.00132,0.700757575757576,1.2,28.82038835,91.39286044,0.02882038835,0.09139286044,0.12021324879,0.00150036358036145,135.167890122653,194.541870985
"7-8","2013-03-07","35",1,23.515777222,0.015,29.9,0.21,0.0142380952380952,70.2341137123746,0.00315,0.949206349206349,1.5,101.4705882,47.48291811,0.1014705882,0.04748291811,0.14895350631,0.00370132539568092,82.5267646751599,334.819875684666
"7-8","2013-03-22","35",2,20.479406392,0.011,32.13,0.24,0.0133875,74.6965452847806,0.00264,1.21704545454545,1.1,85.74324324,71.69195383,0.08574324324,0.07169195383,0.15743519707,0.0031332901526618,88.6537688555527,274.1680530729
"7-8","2013-04-08","35",3,17.83982289,0.009,22.72,0.235,0.00966808510638298,103.433098591549,0.002115,1.074231678487,0.9,140.0833333,64.93432087,0.1400833333,0.06493432087,0.20501765417,0.00266043643748068,130.107415760988,172.476925983319
"7-8","2013-04-17","35",4,20.535010098,0.009,22.42,0.23,0.00974782608695652,102.586975914362,0.00207,1.08309178743961,0.9,145.1571429,53.3948869,0.1451571429,0.0533948869,0.1985520298,0.00258282518262968,128.002040966879,200.1717071292
"7-8","2013-05-01","35",5,17.646668418,0.009,13.1,0.16,0.0081875,122.137404580153,0.00144,0.909722222222222,0.9,165.326087,61.82803744,0.165326087,0.06182803744,0.22715412444,0.00186324342994854,158.035914329817,144.482097672375
"7-8","2013-05-16","35",6,28.108834492,0.008,19.39,0.29,0.00668620689655173,149.561629706034,0.00232,0.835775862068966,0.8,187.5,88.66935697,0.1875,0.08866935697,0.27616935697,0.00320516963787045,206.625170053536,187.941483034442
