"biomass","leafarea","leafmass","LMF","volume"
4.4643,0.0353757013066202,3.72911316881375,0.835318676794515,5
6.23211316881375,0.0358305576485872,3.77706163943333,0.606064353634367,5
6.4914747662577,0.036199918977559,3.81599769285544,0.587847573973602,5
6.70874493824216,0.0367704332347684,3.8761381890428,0.577773968860773,5
7.0253529617172,0.0373991106241082,3.94240992486514,0.561168947147319,5
7.3708055037153,0.0380403570168177,4.01000661635631,0.544039130368457,5
7.72262285689976,0.0383894516216892,4.04680626244402,0.524019667596277,5
7.93043136632579,0.0385571985527781,4.06448922749197,0.512518051004213,5
8.0488089646289,0.0392131258740729,4.13363350227042,0.513570830222954,5
8.40810049331816,0.039770567357702,4.19239593808552,0.498613918972207,5
8.71896211258505,0.0404579140568748,4.26485227203094,0.489146783408429,5
9.09406899209713,0.0407611201863769,4.29681460574104,0.472485375850462,5
9.27978816083274,0.0410915831777938,4.33165020892575,0.466783307318197,5
9.47900633440727,0.0416372906239218,4.38917570661235,0.463041752665609,5
9.78450432830499,0.0422480914023079,4.45356298777064,0.455164905480925,5
10.1222597183918,0.0429332841142034,4.52579226014486,0.447112837059657,5
10.4968845528083,0.0436685334957598,4.6032982331674,0.438539474261039,5
10.8963960206896,0.0444001375040565,4.68041993085613,0.429538346621137,5
11.2943103188002,0.0450297399425042,4.74678918030175,0.420281455557349,5
11.6420879962102,0.0456446570374497,4.81161038106365,0.413294452217675,5
11.982783209619,0.0461936734829659,4.86948469538818,0.406373428460198,5
12.2911164021442,0.0465859057655137,4.91083167978872,0.39954317566564,5
12.5222137914475,0.0468914078224338,4.94303603762423,0.394741386782602,5
12.7105912589622,0.0475096259309842,5.00820521320643,0.394018272727884,5
13.0533430827279,0.0482072158959643,5.0817413362727,0.389305736014619,5
13.4354259895104,0.0488067839983815,5.14494453009621,0.382938697597909,5
13.7693253023587,0.0493902540821202,5.20645075873659,0.378119526150255,5
14.0954354700123,0.0501159489969917,5.28294955207873,0.374798605074536,5
14.4918825253148,0.0507739467800674,5.35231208362686,0.369331732732259,5
14.8551215305933,0.0515804126785851,5.43732531280061,0.366023616946029,5
15.291805181338,0.0523089878489049,5.51412772693683,0.360593642251357,5
15.6902792284577,0.0530833188142841,5.59575346701723,0.35663823349097,5
16.1115351991127,0.0538311954548854,5.6745905367036,0.352206693314746,5
16.5199541104469,0.0541438942912112,5.70755353970694,0.345494515393211,5
16.7138236282406,0.0549702295347389,5.79466128668232,0.346698721703114,5
17.1612250212794,0.055669498805853,5.86837443302694,0.341955450485052,5
17.5461568737938,0.0564132055411164,5.94677193407343,0.338921621232925,5
17.9532104439737,0.0572265779698309,6.03251321192909,0.336013061884093,5
18.3948516462227,0.0577371882533726,6.08633895847707,0.330871869778133,5
18.6873139381764,0.0579632902854169,6.11017339946479,0.326969056102937,5
18.8394983800164,0.0583790577944188,6.15400133886153,0.326654203563576,5
19.085306793089,0.0589316995264525,6.21225781108522,0.325499499611646,5
19.3987543129384,0.0597247600573022,6.295857919635,0.324549598292291,5
19.8309883608591,0.0606159214865855,6.38979928895727,0.322212850549042,5
20.311861080563,0.0614923318231726,6.482185678675,0.319133025426113,5
20.7857154637319,0.0623988794078729,6.57774897244437,0.316455259089907,5
21.2746986168145,0.0631481709785452,6.65673519632885,0.31289445346444,5
21.6863436772269,0.0640161806551609,6.7482360343665,0.311174448528772,5
22.1567869893591,0.0648939533200562,6.84076603329188,0.308743593399945,5
22.6323019389456,0.0656444519603297,6.9198794998593,0.305752349828437,5
23.0452650132492,0.0664665808774283,7.00654383888235,0.304033988537521,5
23.4937895887772,0.0673697221469193,7.10174805751159,0.302281929897935,5
23.982531209352,0.0679622046659519,7.16420432784432,0.298725946202486,5
24.3182308879467,0.0684851910824196,7.21933469871264,0.296869239048589,5
24.619791301214,0.0694096650804142,7.31678769703672,0.297191296527194,5
25.119616195722,0.0702003223879577,7.40013447091474,0.29459584148324,5
25.5536778705953,0.070903166222615,7.4742244282197,0.292491142217157,5
25.9446314160329,0.0716221947507147,7.55002048748785,0.29100511648904,5
26.3437684601122,0.0724301099049258,7.63518648927928,0.289828940033387,5
26.7869729446941,0.0731900282739417,7.71529293218931,0.288024068569403,5
27.206725197042,0.0739518674969955,7.79560186103808,0.286532164550464,5
27.6276424700113,0.0748103383057755,7.8860971637408,0.285442276600359,5
28.0964648877175,0.0757592901263402,7.9861304803941,0.284239690377748,5
28.6101915609539,0.0767101447134588,8.0863643763024,0.282639295129305,5
29.1251417525404,0.0775758052322223,8.17761757895309,0.280775202690295,5
29.5983344007651,0.0782806828759113,8.25192192929514,0.278796834225977,5
29.9924367331312,0.0790076936192131,8.32855943008183,0.277688655449648,5
30.3976600798949,0.0798240839301356,8.41461883659269,0.276817979228544,5
30.8471982414539,0.0806798765713457,8.50483182150144,0.275708404858378,5
31.3164195040052,0.0813921244656435,8.57991310339785,0.273974906432088,5
31.7150544508367,0.0822877452409983,8.67432455262087,0.273508108462101,5
32.2043846580538,0.0831961575205648,8.77008441233592,0.272325787480701,5
32.7002941479315,0.0834656990971353,8.79849801279064,0.269064797184621,5
32.8811953612739,0.0838420594869345,8.83817186896824,0.26879107562426,5
33.1148562792093,0.0845411661557143,8.91186787466309,0.269119932139288,5
33.5078740855214,0.0852600935654217,8.98765327458276,0.26822511185412,5
33.9108709759845,0.0860125956087998,9.06697792896058,0.267376734009037,5
34.3306415939633,0.0868339881893411,9.15356464740647,0.266629582856851,5
34.7846262077856,0.0875830512291267,9.23252678081338,0.265419749680879,5
35.2031579260013,0.0883802160436387,9.3165595405245,0.264651244076124,5
35.6456435376461,0.0892185567998476,9.40493284305877,0.263845225100959,5
36.1086823603957,0.0900600601981605,9.49363953404564,0.262918470391441,5
36.5735297385555,0.0909719587627736,9.58976689888419,0.262205123963595,5
37.073365862291,0.0918645819583153,9.68386235961956,0.26120807038644,5
37.5639638281231,0.0926118441379698,9.76263465618982,0.259893623070758,5
37.9830942658502,0.0929359946483958,9.79680483211454,0.257925401325785,5
38.1936371519341,0.0936599143858753,9.87311649595408,0.258501604774609,5
38.6015305128403,0.0944979723050859,9.96145998335717,0.258058679306605,5
39.0659585884606,0.0950576261086315,10.0204556298516,0.256500953564505,5
39.3932441877456,0.0954749915380093,10.0644520132847,0.255486752127298,5
39.6504612512178,0.0961050572566409,10.1308700991963,0.255504470301343,5
40.0127447166507,0.0967479021433286,10.1986352951899,0.254884671556806,5
40.381509967141,0.0974893783459721,10.2767976656733,0.2544926545351,5
40.7991292940515,0.098198204034694,10.351518197354,0.253719095884314,5
41.2008508195267,0.0988597169040361,10.4212512700928,0.252937768584958,5
41.5794273238487,0.0996250241346438,10.5019257773517,0.252575046201468,5
42.0094128514699,0.100402637281122,10.5838975070325,0.251941095783778,5
42.4456952012156,0.101245425209806,10.6727396061935,0.251444570659025,5
42.9143694007514,0.10207594748703,10.7602887273867,0.250738595897865,5
43.3772421886183,0.102832138586027,10.840002261854,0.249900678671968,5
43.803680301389,0.103543986725918,10.9150414038247,0.249180921071571,5
44.2084565687814,0.103977207300259,10.9607091500208,0.247932409333668,5
44.4759370530045,0.104637503636942,11.0303139825328,0.24800633136492,5
44.8555853447688,0.105312748762556,11.1014946347064,0.247494142577299,5
45.2427983871312,0.10587456595169,11.1607183334907,0.246684969351171,5
45.5742282956546,0.106368997646772,11.2128386216294,0.246034634945174,5
45.8725567255857,0.106942690305451,11.2733141675356,0.24575290701527,5
46.2101292577118,0.107616459868254,11.3443392739389,0.245494644922373,5
46.5972466778435,0.108241613440806,11.4102395482466,0.244869393832062,5
46.9605653368079,0.108856130811842,11.4750186122978,0.244354354126645,5
47.3188109769341,0.109399438352202,11.5322911250294,0.243714727545687,5
47.642087152902,0.109952827225344,11.5906263567869,0.243285444644523,5
47.9704855583681,0.110318915536778,11.6292173865812,0.242424425169333,5
48.2066028549586,0.110844886280852,11.6846623489619,0.242387176381585,5
48.5217059585791,0.111296699529935,11.7322900333545,0.241794673158645,5
48.8003540546443,0.111947326236928,11.8008755463313,0.241819465758738,5
49.1772308645062,0.112571446411197,11.8666668854378,0.241304088840077,5
49.5412126183704,0.113096386383436,11.9220031894828,0.240648190857202,5
49.8564259310557,0.11358478419286,11.9734874183595,0.240159361501708,5
50.153747351818,0.113996747930659,12.0169143849767,0.239601525698181,5
4.4643,0.0353757013066202,3.69784554066383,0.828314750501496,10
6.20084554066383,0.0359022336965364,3.75288432090427,0.605221384131189,10
6.4930848577139,0.0363183507584271,3.79638131361036,0.584680686730929,10
6.7314159849202,0.0369795404632337,3.86549591236445,0.574247070902167,10
7.08976097638346,0.0377108368706898,3.94193881128471,0.556004472423769,10
7.482585237231,0.0384635605021797,4.02062151215702,0.537330532788543,10
7.88609190482453,0.0388552957901056,4.06156986184547,0.515029486197175,10
8.11315076172215,0.0390386459881128,4.08073557975461,0.502977905822671,10
8.23831264791581,0.039813196160926,4.16169982348033,0.505164103541663,10
8.65278741271177,0.0404712439731183,4.23048599811382,0.488915975434556,10
9.01046357019728,0.0412835666276345,4.31539862442606,0.478931920739299,10
9.44380718541186,0.0416399313741352,4.35264966793968,0.460899887352989,10
9.65425068763801,0.0420300403193491,4.39342801494483,0.455077059535081,10
9.88127337867442,0.0426792044102242,4.46128556829184,0.45148893237992,10
10.2351448731042,0.043409270255401,4.53759983572016,0.443335184013272,10
10.6287756825933,0.0442354063257465,4.62395638755867,0.435041299736082,10
11.0696172045379,0.0451286331952584,4.71732598517023,0.426150778116915,10
11.5435220638104,0.0460153930477262,4.81001958119723,0.416685614200618,10
12.0145179322945,0.0467771343606287,4.88964490629371,0.406978035560675,10
12.4245886242223,0.0475164591342207,4.96692701565555,0.399765913051826,10
12.8238994168908,0.0481806354250497,5.03635380422911,0.392731854836256,10
13.1866378207099,0.0486372528293482,5.08408432461201,0.385548188532739,10
13.4479815641973,0.0489895535288075,5.12091055059059,0.380793989502784,10
13.6583801929314,0.0497363050180007,5.19896897946421,0.380643158707415,10
14.0618727998885,0.05059482614088,5.28871076234191,0.376102873180863,10
14.5202660338806,0.051316597955018,5.3641580492,0.369425603958196,10
14.9119847320749,0.052026615245783,5.43837662792704,0.364698376885362,10
15.2981481226355,0.0529315220406227,5.53296713588647,0.361675615344562,10
15.7798750275776,0.053754217930193,5.61896408334489,0.356084194172954,10
16.2216329402409,0.0547591120565195,5.72400633343818,0.352862523429357,10
16.7527837106251,0.0556640455706261,5.81859963438032,0.347321360729441,10
17.2353149858073,0.0566312889856903,5.91970623063209,0.343463768170571,10
17.7486000765064,0.0575556167199169,6.01632682227764,0.33897472456103,10
18.2411681104742,0.0579239072094719,6.05482447162926,0.331931838737484,10
18.4619042908686,0.0589480706162748,6.16188095240208,0.33376193784353,10
19.0036706410939,0.0598211531990224,6.25314485434599,0.329049317494699,10
19.4718089762768,0.0607411672940823,6.34931453842595,0.326077281579825,10
19.9631651673372,0.0617596455833133,6.4557767500851,0.323384428068939,10
20.5029737618516,0.0623912402217609,6.5217977569069,0.318090333268705,10
20.853760924096,0.0626609942580377,6.54999532538693,0.314091800957522,10
21.0276458410469,0.0631834361043388,6.6046065183879,0.314091580594125,10
21.3252255634886,0.063856894748303,6.67500359749651,0.313009753525183,10
21.6968355769287,0.0648669538127844,6.78058574200372,0.312514961822997,10
22.2333458352603,0.0660179482544429,6.90089995504292,0.310385130792984,10
22.8391246327083,0.067150705802764,7.01930785351555,0.307336991517752,10
23.4363295093613,0.0683209903199094,7.14163847095052,0.304725126351287,10
24.0522426663908,0.0692765467746761,7.24152342148436,0.301074769697183,10
24.5634345574295,0.0704039844042748,7.35937522532148,0.299606930297764,10
25.1590199819746,0.0715441558811895,7.47855810667151,0.297251566715619,10
25.7611795601275,0.0725210063111554,7.58066893056827,0.294267151582664,10
26.2837641368493,0.0735948736962363,7.69292100118497,0.29268718746413,10
26.8541148053954,0.0747823366384789,7.81704729079873,0.291093091224447,10
27.4803786697818,0.0755427007751892,7.89652865875364,0.287351522831702,10
27.8980029747516,0.0761982739890264,7.96505616197838,0.285506319903506,10
28.2645615339724,0.0773956340800698,8.0902170071262,0.286231824166181,10
28.8964253373148,0.0784320797402249,8.19855735999513,0.283722199693956,10
29.4499128037987,0.0793785814087723,8.29749580771472,0.281749418512521,10
29.9596974396259,0.0803395421761749,8.39794567463588,0.280308093616741,10
30.4768382098817,0.081415767173688,8.51044418804514,0.279243014955722,10
31.0506700824847,0.0824354056902283,8.61702767903509,0.277515031274506,10
31.5971372801321,0.0834247126429693,8.72044059152643,0.275988312302259,10
32.1290680979342,0.0845497329343171,8.8380397093915,0.275079242337556,10
32.7277073304253,0.0858166538366721,8.97047179232156,0.274094109365924,10
33.3961306020147,0.0870942580297204,9.10402060671955,0.272607048858838,10
34.070175748029,0.0882448043076992,9.22428797291182,0.270743774294896,10
34.6824419763497,0.0891877704905815,9.3228568539679,0.268806240930937,10
35.1934806440786,0.0901704094332797,9.42557275494311,0.26782155622135,10
35.7242139693592,0.0912858554838252,9.54217107106155,0.267106536738525,10
36.3202320226809,0.0924649036699327,9.66541776063063,0.266116630383718,10
36.9477156470499,0.0934347604457608,9.76679753321785,0.264341038740177,10
37.4731937754671,0.0946609234142751,9.89496916226762,0.264054599177123,10
38.1243877548944,0.0959227138306751,10.0268649520951,0.263003959999537,10
38.7933970084068,0.0962878825583129,10.0650362816012,0.25945230523174,10
39.0240311203425,0.0967984671406776,10.1184080269318,0.259286591785678,10
39.3259039697142,0.0977513501126296,10.2180135165323,0.259829081726932,10
39.8443484828877,0.0987370173997264,10.3210459723578,0.259034125675075,10
40.3791214683415,0.0997792215289525,10.4299882618213,0.258301515301633,10
40.9418580602345,0.100922331887164,10.5494783463842,0.257669750377806,10
41.554290754221,0.101958467431671,10.6577862826586,0.256478599182348,10
42.1147270080495,0.103078829591053,10.7748984828971,0.255846333298982,10
42.7166952077924,0.104262121485138,10.8985887700781,0.255136515525433,10
43.3498033013264,0.10543917343602,11.0216267918539,0.254248599820443,10
43.9802248406488,0.106721654470168,11.1556853856894,0.253652304555269,10
44.6626038383196,0.10798569968597,11.2878168711951,0.252735306523047,10
45.3363632655592,0.109049680553491,11.3990354975684,0.251432507517161,10
45.912615499427,0.109516700940391,11.4478534486284,0.249340041382989,10
46.1970662769071,0.110555545674644,11.5564445783053,0.250155378028456,10
46.7614595149539,0.11174766537865,11.6810576423175,0.249800963517445,10
47.4011760451835,0.112549658774959,11.7648905444126,0.248198283797813,10
47.8503523946634,0.113153461866692,11.8280064824077,0.247187447750684,10
48.2027769045884,0.114071702570508,11.9239907927237,0.247371449498144,10
48.7092383515917,0.115001042663498,12.0211353295581,0.246793744603179,10
49.2214065484365,0.11606767041624,12.1326306366006,0.246490937325439,10
49.8010366982837,0.117109020027825,12.2414836027678,0.245807806711575,10
50.3686243911539,0.118080304984654,12.3430126640632,0.245053598609513,10
50.9022442580381,0.119196613288583,12.4597011121002,0.244777048511621,10
51.5071267238619,0.120333446542812,12.5785350468169,0.244209604512643,10
52.1223986645804,0.121561846290332,12.7069404878609,0.243790401313511,10
52.7828321312926,0.122757535447988,12.8319266692325,0.243107960507201,10
53.4276435138567,0.123842784162873,12.9453684378088,0.242297200220917,10
54.0187837604312,0.124869051467385,13.0526448404058,0.241631594267157,10
54.5813960468457,0.125528409280135,13.1215679502671,0.240403670492511,10
54.9647728664379,0.126517443737658,13.2249523786524,0.240607787296574,10
55.5096650250474,0.127503858813593,13.3280630013416,0.240103466582399,10
56.0535769695302,0.128357062766238,13.417248976885,0.239364723935074,10
56.5326018616697,0.129109717164445,13.4959244407563,0.2387281673994,10
56.9626761939265,0.129959825433934,13.5847868224845,0.23848575471131,10
57.4406592089081,0.130964945268603,13.6898526660206,0.238330354396378,10
57.9947515679298,0.131901743414486,13.7877767980748,0.237741802927202,10
58.5157180778934,0.132838554010248,13.885702231523,0.237298672692336,10
59.0369746729579,0.133658034027009,13.9713630216619,0.236654454247661,10
59.5010987943007,0.134501007699334,14.0594796192125,0.236289411525274,10
59.9769627212747,0.135057519607274,14.1176521783729,0.235384579975824,10
60.3128958352201,0.135859675708728,14.2015020881448,0.235463774230714,10
60.7691876075241,0.136564356509242,14.2751628400035,0.234907909781503,10
61.1780164040145,0.137554121464943,14.3786236278482,0.235029255164028,10
61.7265564158225,0.138519709419508,14.479557177715,0.234575813369097,10
62.2635686993982,0.139353806988762,14.5667459503194,0.233952956031899,10
62.7365302739273,0.140126134039674,14.6474778096371,0.233476058457196,10
63.1795129870217,0.140786180192828,14.7164728721778,0.232931090735076,10
4.4643,0.0353757013066202,3.30028625164453,0.73926175473076,15
5.80328625164453,0.0360441606673154,3.36264847080632,0.579438670607264,15
6.12580017595534,0.0365676587191427,3.41148689264377,0.556904697289074,15
6.38515913132366,0.0374043439572605,3.48954331799575,0.546508434046241,15
6.78141237613685,0.0383412622782118,3.57695073436747,0.527463975934339,15
7.22165140964365,0.0393075000271724,3.66709343234751,0.507791531927246,15
7.67493655193022,0.039811524107737,3.71411507947098,0.483927789414349,15
7.92660196865547,0.0400591951507143,3.73722092070883,0.471478312584269,15
8.06641166108466,0.0410541423788371,3.83004199666786,0.474813604560425,15
8.53261654131854,0.0419080837686728,3.90970829088935,0.458207429333885,15
8.93749740873499,0.04297164895269,4.00893090485582,0.448551839683637,15
9.43414631287799,0.0434564371326105,4.05415798745932,0.429732362951084,15
9.67829815238982,0.0439917016851129,4.10409413510781,0.42405121959323,15
9.94459550715719,0.0448754330848765,4.18653961268313,0.420986415150828,15
10.3632005369277,0.045848648342921,4.27733325966064,0.412742496337788,15
10.8211128652707,0.0469495876987983,4.38004260211589,0.404768220852148,15
11.3350619772527,0.0481473014279069,4.49178026405853,0.396273110202015,15
11.8915709030629,0.0493559717183902,4.60454009058123,0.387210413839877,15
12.4531895403931,0.0504117975305738,4.70304067949899,0.377657520127212,15
12.9483819966304,0.0514328318174204,4.79829548137926,0.370571047612586,15
13.4286596408505,0.0523614256047523,4.88492628151892,0.363768716474038,15
13.8688337338401,0.0529914266267945,4.94370062760315,0.356461164830355,15
14.1788392167764,0.0534815904093746,4.98942921341073,0.351892643475866,15
14.4279184337239,0.0545196222667509,5.08626976048497,0.352529700237027,15
14.9163802938383,0.0557252123665263,5.19874222843469,0.348525723132857,15
15.4782979314969,0.056721054539263,5.29164679597963,0.341875238440243,15
15.9489370322795,0.0577112550176788,5.38402503597444,0.33757892611135,15
16.4173745510138,0.0589826661147472,5.502638106779,0.33517162501718,15
17.0088904913309,0.0601547521175268,5.61198489505015,0.329944207584291,15
17.5573756948547,0.0615824675552001,5.7451799825305,0.327223161500961,15
18.2178241591601,0.0628716709205284,5.86545293783642,0.321962320340391,15
18.8181764234778,0.0642427816191213,5.99336722987625,0.318488204967557,15
19.4546564994007,0.0655787406037207,6.11800213199222,0.31447495010671,15
20.0761651272849,0.0661325253731993,6.16966607626966,0.3073129772122,15
20.356432232984,0.067610321228645,6.30753328919617,0.30985455687937,15
21.0403824368647,0.0688873556550535,6.42667097423661,0.3054445893995,15
21.6370656564611,0.0702300038360491,6.55192992794974,0.302810465706252,15
22.2627573846207,0.0717382569203251,6.69263857072384,0.300620379367166,15
22.9611490814454,0.0726807375527327,6.78056490882287,0.2953059920813,15
23.4128665964285,0.0730980594265207,6.81949789365998,0.291271377025668,15
23.6354704770524,0.0738901952873215,6.89339819794445,0.291654790821162,15
24.0218557459102,0.0748993229487642,6.9875422014328,0.290882697629322,15
24.5032118690079,0.0764169957844205,7.12912963599975,0.290946740946105,15
25.2069418448638,0.0781302165283783,7.28896021627034,0.289164796790117,15
25.9965049695966,0.0798251755588968,7.44708711634324,0.286464935384689,15
26.7785821847084,0.0815972898746756,7.61241202289464,0.284272407343569,15
27.5948408970527,0.0830697015725747,7.74977693451062,0.280841515391319,15
28.2807142076165,0.0848013827139295,7.91132973069436,0.279742925607009,15
29.0802371244887,0.0865588308419085,8.07528639248532,0.277689839938928,15
29.8915098049773,0.088055596059112,8.21492330386302,0.274824636074259,15
30.5894345769817,0.0897177050083797,8.36998553899606,0.273623414579046,15
31.3599952898461,0.0915926797575751,8.54490654857028,0.272477928315793,15
32.2239990118204,0.0927704222844955,8.65478104790198,0.268581843138936,15
32.7840308521514,0.0938197533300898,8.75267572405786,0.266979852585256,15
33.2883025018071,0.095730193122048,8.93090535476809,0.268289599756048,15
34.1689429365505,0.0974409461709155,9.09050571768952,0.266045857332198,15
34.9629240550961,0.0990684932571162,9.24234359154353,0.264346985880787,15
35.7210558803806,0.100693972202505,9.39398852345055,0.262981826598527,15
36.4787490697003,0.102486225290235,9.56119222560852,0.262103072869627,15
37.3097443130764,0.104175527967432,9.71879143055707,0.260489360339862,15
38.0962928921301,0.105823339360844,9.87251981151111,0.259146469696283,15
38.8652046763062,0.10768806941717,10.0464850684704,0.258495617150195,15
39.7293263193221,0.109761602095021,10.2399300359562,0.257742352680571,15
40.6851813337634,0.111882797527503,10.4378215791427,0.25655094157048,15
41.6624581232955,0.113786145869756,10.6153896310544,0.254795086733466,15
42.5452113651886,0.115393106402255,10.7653069346401,0.253032164824277,15
43.2990704986548,0.117068078306273,10.9215691864838,0.252235649881286,15
44.0830926133769,0.119039903002484,11.1055255660097,0.251922560502024,15
44.997244768051,0.121102849617906,11.2979829336742,0.251081660486376,15
45.9517680329949,0.122756474095371,11.4522536315484,0.249223351391513,15
46.7281241080112,0.124862669776038,11.6487458109664,0.249287683452486,15
47.702613305774,0.127081305174971,11.8557277684701,0.248534135697656,15
48.7268265910961,0.127738482712268,11.917037478557,0.244568306870504,15
49.0697310694752,0.128692740213705,12.0060625097563,0.244673493171535,15
49.5425462953213,0.130390421338165,12.1644433606735,0.245535287753715,15
50.3403044336839,0.132138312549727,12.3275084342077,0.244883470072125,15
51.1604804579194,0.134053120203652,12.5061455535122,0.244449337488117,15
52.0540612848724,0.13615031682235,12.7017981882881,0.244011665464023,15
53.0278569524553,0.138026488535253,12.8768308655529,0.242831440031572,15
53.9057353420576,0.140089534713312,13.0692975216608,0.242447254243539,15
54.865775716414,0.14225860278304,13.2716552210137,0.24189314828266,15
55.872724759976,0.144380014997388,13.4695669883141,0.241075892507088,15
56.8594976845432,0.146726947472383,13.6885180958449,0.240742860089775,15
57.9453882705423,0.149053459421803,13.90556412228,0.239977063530165,15
59.0230536856391,0.150987745212492,14.0860184049084,0.238652823351559,15
59.930102972034,0.151931487152719,14.1740624135186,0.236509895872077,15
60.4051002884098,0.153904936148522,14.3581703279517,0.237697980127461,15
61.3300718170189,0.156158678895884,14.5684275364065,0.237541341544033,15
62.3780372909575,0.157838585406884,14.7251501498821,0.236063056636389,15
63.1760467787967,0.159107777105373,14.8435561675301,0.234955444735298,15
63.7951630585008,0.161031875394369,15.0230600330491,0.235489013787344,15
64.7006634411475,0.162912284899804,15.1984880644106,0.2349046710817,15
65.5876446340573,0.165051458728577,15.3980568564406,0.234770694120108,15
66.5881882711059,0.167202906474358,15.5987707124004,0.234257322768594,15
67.5947218995402,0.169237567360372,15.7885892347434,0.233577249688349,15
68.550882688775,0.171482757726635,15.998048570514,0.233374800484277,15
69.5995882648119,0.173774528943689,16.2118535485129,0.23293030824881,15
70.6693008460575,0.176202366547655,16.4383524946721,0.232609524897956,15
71.7991176170277,0.178587075761772,16.6608278871825,0.232047808387429,15
72.9108187439234,0.180705843428835,16.8584929381571,0.231220732788193,15
73.907078028395,0.182763910036802,17.050495037914,0.230701787876977,15
74.8774501561573,0.18431933945913,17.1956048773888,0.229649979286518,15
75.6289023085519,0.18644742942415,17.3941396284865,0.22999328428068,15
76.6309090584873,0.188444726139187,17.5804723553478,0.229417510131973,15
77.5764194170698,0.19037553276171,17.7606020578141,0.228943307660653,15
78.493476625847,0.192122658820731,17.9235957483843,0.228345036031724,15
79.3308774560839,0.193926433952141,18.0918743703586,0.228055896398901,15
80.1935274427581,0.196104057732791,18.2950302530432,0.228135995964289,15
81.2199801503512,0.19814767032207,18.4856839018182,0.227600202162058,15
82.1885471306284,0.200205889132584,18.6777002009254,0.227254293365711,15
83.1640945385756,0.202065624983642,18.851199536182,0.226674740352496,15
84.0535611903983,0.203956482065602,19.027602247674,0.226374730329066,15
84.9571636799254,0.205276094948177,19.1507121816965,0.225416096208749,15
85.6118311089565,0.207139382075419,19.3245428242497,0.225722806929053,15
86.5043207221551,0.208842996738288,19.4834772295703,0.225231260900246,15
87.3276192039526,0.211017674663154,19.6863582861177,0.225431065973989,15
88.3571479644059,0.213293477960251,19.898673577559,0.225207286970999,15
89.4314859225613,0.215278051473292,20.083819325588,0.224572130479623,15
90.3793053095152,0.217173188566759,20.2606213298887,0.224173235902884,15
91.2886473559475,0.21882826207888,20.4150272117727,0.22363161031592,15
4.4643,0.0353757013066202,3.72912653463633,0.835321670729191,20
6.23212653463633,0.0359458301639907,3.78922661948707,0.608015032818679,20
6.54837571902003,0.0363902162147626,3.83607153710982,0.58580504566465,20
6.80271201325957,0.0371064681055119,3.91157516905553,0.575002316933489,20
7.19130971887157,0.0379062330835383,3.99588232597041,0.555654321977587,20
7.62131382603093,0.038723310610925,4.08201448379883,0.535605090798982,20
8.06008432882056,0.0391380150027038,4.12573051187155,0.511871879195993,20
8.30051387729039,0.03932899979301,4.14586315724499,0.499470661519858,20
8.43062502523775,0.0401752799244939,4.23507370509246,0.50234397715643,20
8.88412994001019,0.0408943728263754,4.31087682198425,0.485233427594296,20
9.27510818267427,0.0417896217333125,4.40524940911764,0.474953965210515,20
9.75321383587783,0.0421849658661895,4.44692457715024,0.455944538075433,20
9.98487548804801,0.0426203619428332,4.49282181741738,0.449962728408114,20
10.2363831836046,0.0433542432139576,4.57018384899102,0.446464709948627,20
10.6352873304746,0.0441630361969787,4.65544269228206,0.437735488249787,20
11.0713610218565,0.0450825882602476,4.75237719456637,0.429249591372233,20
11.5623215407241,0.0460768002839889,4.85718197021316,0.420087086585984,20
12.0903934939223,0.0470708686416743,4.96197160131492,0.410406129776441,20
12.6186881335201,0.0479317746018984,5.05272392965103,0.400415944683588,20
13.0815612165976,0.0487583758406893,5.13986002870446,0.392908762463545,20
13.5277516818684,0.0495040387865147,5.21846402451138,0.385759891756871,20
13.9342340009414,0.0499973995290511,5.27047160508749,0.378239062493956,20
14.2164120618099,0.0503774463865328,5.31053421213961,0.373549541828877,20
14.4427869311778,0.0512137791944854,5.39869616372583,0.373798782011496,20
14.8944144528733,0.0521900174805008,5.50160623934394,0.369373784833994,20
15.4153236655777,0.0529862856093331,5.5855447761994,0.362337171594513,20
15.847706625623,0.0537785512816976,5.66906139444785,0.357721248150945,20
16.278339249966,0.054793825114555,5.77608639890541,0.354832658922346,20
16.819249349521,0.0557283042885608,5.87459444129433,0.349278039656486,20
17.320590319402,0.0568690887073751,5.99485013346075,0.346111190375855,20
17.9240166399111,0.0578882325685942,6.10228309662783,0.340452880580348,20
18.4677612943874,0.0589710092516075,6.21642390827457,0.336609500695888,20
19.0432131954833,0.0600186269574388,6.32685843934179,0.332236916868756,20
19.6016415879906,0.0604227593344932,6.36946001938444,0.324945234346435,20
19.8428268988859,0.0615848058824289,6.4919570570779,0.327168960862244,20
20.4581277574284,0.0625760222789349,6.59644604893529,0.322436448102642,20
20.9894803382126,0.0636156322268531,6.7060364428854,0.319495115402007,20
21.5450105031974,0.0647760820800704,6.82836516514137,0.316934872885209,20
22.1604876192733,0.0654742371869299,6.90196112615753,0.311453486256087,20
22.548179429217,0.0657702633921373,6.93316670331962,0.307482328011631,20
22.7376139093613,0.0663590911734956,6.99523793364695,0.307650484414591,20
23.0715948401661,0.0671107192951784,7.07447074795788,0.306631197234866,20
23.4860709176434,0.0682711394208484,7.19679633648697,0.306428280904174,20
24.1024961542056,0.069586551368822,7.3354603747388,0.304344426726891,20
24.7957659375827,0.0708787688521632,7.47167937048056,0.301328839338486,20
25.4780009398736,0.0722287266094149,7.61398505226965,0.298845465554309,20
26.1891341458148,0.0733343141440981,7.73053046789873,0.295180834343624,20
26.7800955262578,0.0746384738290818,7.86800834980762,0.293800608070761,20
27.4693893812492,0.0759609611292123,8.00741823570331,0.291503321190286,20
28.1681360872359,0.0770836849427795,8.12577007070872,0.288473828922988,20
28.7687149698944,0.0783212507980643,8.25622796974233,0.286986331450057,20
29.4263122816071,0.0797211049978912,8.40379348076782,0.285587721639881,20
30.1643834819789,0.0805764909279076,8.49396391559061,0.281589176873618,20
30.6342039226145,0.0813324969770079,8.57365822874668,0.27987207535749,20
31.0552305951093,0.0827397111815764,8.72199959404398,0.280854446317251,20
31.7978414139689,0.0839953512690048,8.85436278671675,0.278457983088972,20
32.4660966289434,0.0851740250961539,8.97861258762969,0.276553497953471,20
33.0967614233999,0.0863518074641642,9.10276841545357,0.275035019257738,20
33.7273513549875,0.0876632465645824,9.24101365631934,0.273991679899667,20
34.4242653891755,0.0888803327889142,9.36931269680356,0.272171754164714,20
35.0750289678172,0.090047781580338,9.49237921153335,0.270630687724963,20
35.7016757343389,0.091385159758116,9.63335881802562,0.269829318088842,20
36.4125438197495,0.0928752206929166,9.79043346432104,0.268875295084737,20
37.199182431048,0.0944053265309111,9.95172944066963,0.267525488204372,20
38.0060593734603,0.0957625722570592,10.094803383078,0.265610367122861,20
38.7281209821178,0.0968957988499966,10.2142623676746,0.263742781953993,20
39.3400593080165,0.0980771770929554,10.3387972543493,0.262805838023801,20
39.9761105787151,0.0994748170328357,10.4861293493515,0.262309894523223,20
40.7192538146607,0.100941896583964,10.6407814150481,0.261320638719979,20
41.4971095343826,0.102094509902864,10.7622840497076,0.259350209459541,20
42.1202460826455,0.103592532508646,10.9201979748702,0.259262444797767,20
42.9141987776196,0.105146779206256,11.0840387578752,0.258283716662461,20
43.7363781321535,0.105549188279031,11.1264586759444,0.254398264125227,20
43.9906293047211,0.106184640337407,11.1934448004551,0.254450663183711,20
44.359978719036,0.107357883902876,11.3171221707964,0.255120099188414,20
44.9949016064045,0.108555830959532,11.4434036575532,0.254326673667497,20
45.6423812768141,0.109870494944099,11.5819888493063,0.253755139966588,20
46.3478349834586,0.111314606272151,11.7342197217272,0.253177299995029,20
47.1175866519646,0.112591480544668,11.8688213142091,0.25189790389475,20
47.805269417712,0.114006833485486,12.0180206236938,0.251395312066604,20
48.561693957222,0.115499560745951,12.1753763404815,0.250719761777809,20
49.3567546684785,0.116940100095721,12.3272306731166,0.249757723252201,20
50.1265405294949,0.118535985316649,12.4954607775043,0.24927833928918,20
50.9734504907469,0.120109727754982,12.661356702354,0.24839120327262,20
51.8099496145226,0.121413001131399,12.798741154121,0.247032495675954,20
52.5134818984306,0.122001844969895,12.86081407711,0.244904996053868,20
52.8648584285325,0.123319214106951,12.999684432282,0.245904081060883,20
53.5759201066532,0.124839473905232,13.1599424891943,0.245631665550436,20
54.3875261160367,0.125914369966973,13.2732525658222,0.244049573747912,20
54.979836856438,0.126722030509388,13.3583920329833,0.242968928188427,20
55.4406003694377,0.127967937185311,13.4897291789128,0.243318598446296,20
56.1178751978915,0.129185561001811,13.6180848896295,0.242669289270261,20
56.7815861067167,0.130579099185241,13.7649845983255,0.242419867815163,20
57.5324939346589,0.131974650853204,13.9120965583218,0.241812854039008,20
58.2848415847214,0.133278311395408,14.0495218231371,0.241049326739871,20
58.9922882520212,0.134740497365008,14.2036580323545,0.240771437305076,20
59.778381332582,0.136231044074365,14.3607838865333,0.240233736116671,20
60.57894124905,0.137806869710112,14.5268994114607,0.239801143960872,20
61.4220671403239,0.13935776787266,14.6903872089279,0.239171162627373,20
62.2534028253315,0.140724904240313,14.8345037724666,0.238292255510734,20
62.9945553274223,0.142050478447486,14.9742390644047,0.23770687778609,20
63.7156347493204,0.142993179773565,15.0736138442528,0.236576374127915,20
64.2481906515171,0.144337188823358,15.2152924435528,0.2368205592914,20
64.9790782907312,0.145596233185857,15.3480144975916,0.23619932601877,20
65.6684660173623,0.146788026477637,15.4736472857492,0.235632842126357,20
66.3250654637383,0.147853729579114,15.5859882872552,0.234993937484712,20
66.9198159894506,0.148978705955892,15.7045775760191,0.234677536747783,20
67.5441493585279,0.150348340947226,15.84895753176,0.234645897272803,20
68.2895738244434,0.151621121945211,15.9831276320564,0.234049309974394,20
68.987640754803,0.152900276475577,16.117969597725,0.233635610978664,20
69.6892584293379,0.154043657492178,16.2384990100256,0.233012940243736,20
70.3242800824894,0.155205365646525,16.3609603759877,0.232650236259746,20
70.9687059377874,0.155963615905763,16.4408912623639,0.231663957305017,20
71.4143929408581,0.157090384820659,16.5596695113808,0.23188140134573,20
72.0421663842203,0.158106353354875,16.6667677477228,0.231347398117297,20
72.6156144635777,0.159442539643148,16.8076217112845,0.231460159573736,20
73.3474042160699,0.160819162109166,16.952738251073,0.231129355322963,20
74.0995778683845,0.162003212664088,17.0775548392853,0.23046764003998,20
74.7571610672751,0.163119875316532,17.1952677375081,0.230014991099432,20
75.3818636255266,0.164085580972309,17.2970675168084,0.2294592715661,20
4.4643,0.0353757013066202,3.53388166371052,0.791586959592885,25
6.03688166371052,0.0360013181139094,3.59637811415897,0.595734406353841,25
6.36238008449594,0.0364892911250083,3.64512453649449,0.572918387157827,25
6.62366059096725,0.0372705565254584,3.72316961747288,0.56210150963203,25
7.02220837078553,0.0381439601545507,3.81041891447239,0.542624017015055,25
7.46405049816087,0.0390401357249758,3.8999430312762,0.52249687113413,25
7.91677829517298,0.0395022108172402,3.94610236198903,0.498448006860954,25
8.16673899061857,0.0397204716255653,3.96790568573833,0.485861699546956,25
8.30277602845531,0.0406514190156982,4.06090335901001,0.489101879310301,25
8.77212407760626,0.0414416338319484,4.13984244845264,0.471931588270731,25
9.17591336120132,0.0424326334316663,4.23883908130616,0.461952823054032,25
9.67381049163877,0.0428792427735942,4.28345344953031,0.442788646028632,25
9.9173951179746,0.0433586556765485,4.33134475357576,0.436742178974546,25
10.1764145385782,0.0441548159096872,4.41087776480508,0.433441242795654,25
10.5836688315055,0.0450489621064746,4.50019915583888,0.425202189097479,25
11.0369587729681,0.0460629316998228,4.60149039307642,0.416916515475846,25
11.5465299007917,0.0471632812171183,4.71141061625841,0.408036930293263,25
12.0967824643073,0.0482690099303366,4.82186819816786,0.39860749851419,25
12.6498648936658,0.0492359497409486,4.91846136071794,0.388815327441225,25
13.1383576139505,0.0501677785695887,5.01154708593668,0.381443954654983,25
13.6107000932843,0.0510086484309932,5.0955463983186,0.374377979339418,25
14.0407628677723,0.0515732285352369,5.15194554248791,0.366927751077766,25
14.3418438953618,0.0520045315400292,5.19503087292215,0.362228937284852,25
14.5807317127569,0.0529404570098458,5.28852583511999,0.362706477240302,25
15.0557012875444,0.054034365780723,5.39780265520812,0.358522167258573,25
15.604813266513,0.0549355876582529,5.48783087656642,0.351675523624687,25
16.0641267264998,0.0558353343088143,5.57771172904323,0.347215371492438,25
16.5229989895146,0.0569808272201689,5.69214158473033,0.344498089501945,25
17.0970451034557,0.0580391272122114,5.7978612397039,0.339114812215827,25
17.6306456911589,0.0593314272640229,5.92695650250945,0.336173535917722,25
18.2739804569734,0.060489040610229,6.04259713793789,0.330666717750156,25
18.8547083918688,0.0617202588006812,6.16559058334138,0.327005353527521,25
19.4701938597136,0.0629193034165583,6.2853700258828,0.322820104985605,25
20.0709934796466,0.063409022478146,6.3342908712143,0.315594286732129,25
20.3404202593978,0.0647414009390924,6.46738979613596,0.317957530555341,25
21.0040361055438,0.0658839793603184,6.58152850669113,0.313345895694494,25
21.5792850526825,0.06708644897437,6.70165009194068,0.310559412676538,25
22.1828738936887,0.068432162987909,6.83608118168289,0.308169320821313,25
22.8538037786632,0.0692506697293065,6.91784651376711,0.302700004811704,25
23.2785800892219,0.0696149437621567,6.95423593581976,0.298739695856261,25
23.4911531259479,0.0703064254767548,7.02331200955832,0.298976894488866,25
23.8568182377191,0.0711861371451656,7.11119145277849,0.298077949117928,25
24.3106912531033,0.0725276017036007,7.24519804008209,0.29802517602856,25
24.9807510413746,0.074043347708296,7.39661460046086,0.296092562958181,25
25.7327141705519,0.0755408039262565,7.54620408916082,0.293253328783972,25
26.4765816126555,0.0771122644051453,7.70318628785865,0.290943385386904,25
27.2555095233036,0.0784028164029519,7.83210692752552,0.287358668559435,25
27.9035446997733,0.0799233216379151,7.98399891470732,0.286128482979876,25
28.6595021035063,0.0814716954398838,8.1386748528582,0.283978236030224,25
29.4289523566309,0.0827951063877764,8.27087796147718,0.281045613219513,25
30.0936660259772,0.0842540242770784,8.41661763553132,0.279680701854868,25
30.8221446999755,0.0858926175921992,8.58030611821026,0.278381215899524,25
31.6350898247452,0.0869132423621119,8.68226217919861,0.274450372270076,25
32.1595363670921,0.0878265884130958,8.7735015537687,0.272811817111467,25
32.6341056953337,0.089497320580088,8.94040057065971,0.273958804145752,25
33.4631303545117,0.0909416414030325,9.08468206004925,0.271483329975565,25
34.1867829525336,0.0922767204746857,9.21805076446095,0.26963785323877,25
34.8597830184904,0.0936387635203677,9.35411305486194,0.268335378045822,25
35.5457918552617,0.0951627343926807,9.50635124443213,0.267439568743915,25
36.3079357378396,0.0965996969151314,9.64989767098955,0.265779297965777,25
37.0298519008764,0.0980080889899424,9.79059003169643,0.264397223567203,25
37.7388402778667,0.0996029926435151,9.94991410354714,0.263651824758977,25
38.5354764896322,0.101386294794157,10.1280583816319,0.262824267512477,25
39.4207057463813,0.10321555699087,10.3107938722742,0.261557820365018,25
40.3279788094367,0.104846372242574,10.4737053595956,0.259713123960101,25
41.1430120780982,0.106226221319799,10.6115463965952,0.257918559206413,25
41.8411779366017,0.107654878714221,10.7542631762885,0.257025822566074,25
42.5625845186857,0.109271434393403,10.9157501931398,0.256463518759006,25
43.3722950480984,0.110989580898511,11.0873857001603,0.255632903166982,25
44.2300102894796,0.112399462707947,11.2282268790017,0.253859920120172,25
44.9440918020287,0.114188999161521,11.4069939373566,0.253804081470875,25
45.8361479709917,0.116020796510215,11.5899826788681,0.252856821349888,25
46.7485211568692,0.116541427749415,11.6419915188856,0.249034434261989,25
47.0482831359167,0.117330477824405,11.7208142556446,0.249123102362409,25
47.473701056766,0.118745594576632,11.8621783829409,0.24986841385627,25
48.192122492023,0.120188387183796,12.0063072100926,0.249134227530234,25
48.9239148856076,0.121733057019157,12.1606131377788,0.248561734403561,25
49.7037886144718,0.123447606508747,12.3318893182924,0.248107632477373,25
50.5635799817573,0.124995247460782,12.4864920478609,0.24694636045086,25
51.3458440854617,0.126683666338267,12.6551578916866,0.246468981415963,25
52.1944173919506,0.128453192635205,12.8319260207479,0.245848630216281,25
53.0814418511048,0.130200263117139,13.0064509096767,0.245028214308123,25
53.9585125347873,0.132123691899796,13.1985932405826,0.244606321052186,25
54.9185992723352,0.134020999101734,13.3881261369976,0.243781274730031,25
55.8670698486769,0.1356282302119,13.5486816691786,0.242516418095256,25
56.6804748699146,0.136372685633776,13.6230495903122,0.240348190828993,25
57.0908888207775,0.13796554750874,13.7821696971892,0.241407516713479,25
57.8982720757474,0.139807218771396,13.9661448005878,0.24121868062515,25
58.8225026382753,0.141089487610655,14.094237988048,0.239606228159307,25
59.4856965340087,0.142075975841252,14.1927839543699,0.238591540173959,25
60.0109511672322,0.143546895554754,14.3397225594672,0.2389517626459,25
60.7630406606197,0.145011039161928,14.4859842604461,0.23840124034205,25
61.5124101050394,0.146680437893375,14.652750072814,0.238208030668816,25
62.3582156974846,0.148333913303993,14.8179252133528,0.237625869303867,25
63.1970903699126,0.149883266479021,14.9726989866948,0.236920701555322,25
63.9877818662418,0.151647008937886,15.1488893350038,0.236746592758452,25
64.8792101714405,0.153451772566336,15.3291775231766,0.236272566861863,25
65.7903702238138,0.155392530965678,15.523051008869,0.235947159988016,25
66.7656911980974,0.157291199718563,15.7127199184158,0.235341230450161,25
67.7219360801927,0.159013216689589,15.8847420684719,0.234558298062566,25
68.5961616389685,0.160684528141692,16.0516989534745,0.234002873775312,25
69.4472085903653,0.161819213747591,16.1650492054457,0.232767443552632,25
70.0478149289071,0.163442094119666,16.3271680321387,0.233086043422046,25
70.8770673012102,0.165029471522761,16.4857402636702,0.23259625279937,25
71.6902177434121,0.166464021591335,16.6290456963758,0.231956970139122,25
72.432386636036,0.167750542863789,16.7575636837732,0.231354570269484,25
73.1057668508187,0.169167023191081,16.8990640264022,0.231159110346066,25
73.8403123576395,0.170838785819589,17.0660659820031,0.231121259337921,25
74.6946754881325,0.172407806920076,17.2228044972039,0.230576066963973,25
75.5015089726548,0.173974962972092,17.3793567020179,0.230185554414711,25
76.3079542334123,0.175383193147003,17.5200328896153,0.229596417118256,25
77.0405598252013,0.176822720076919,17.6638354895399,0.229279687603746,25
77.7882318471183,0.177776858464779,17.7591498445622,0.228301240725786,25
78.3093483109415,0.179162994774918,17.8976189493114,0.228550222104335,25
79.0327705037366,0.180394744547555,18.0206654975077,0.228015105413212,25
79.6844155624331,0.182048989350859,18.1859174970939,0.228224269058548,25
80.5340157060769,0.183708402440646,18.3516857864542,0.227874962220087,25
81.3865462701097,0.185143781313057,18.4950740131278,0.227249771132263,25
82.1348204534083,0.186495016986722,18.6300566931637,0.226822882065369,25
82.8441844452163,0.187683055910592,18.7487367140189,0.22631325106975,25
4.4643,0.0353757013066202,3.31964178998251,0.743597381444461,35
5.82264178998251,0.036020246944712,3.380125697205,0.580514106675822,35
6.13655767229547,0.0365264897826246,3.42763132447293,0.558559294561437,35
6.38986573882173,0.0373359308050481,3.5035889492073,0.548304000805711,35
6.77647722172094,0.0382373655098343,3.58817922463426,0.529505096413946,35
7.2037041916243,0.0391669299830476,3.6754091863816,0.510211009310318,35
7.64351991846984,0.0396654672015691,3.72219172137988,0.486973509728883,35
7.89422227290717,0.0399043121385353,3.74460483560217,0.474347529895831,35
8.03094416162459,0.0408720428088781,3.83541629816154,0.477579749151894,35
8.4878935905374,0.0416992908106376,3.91304492277927,0.461014842026491,35
8.88338055601085,0.0427230936941383,4.009118179598,0.451305463536093,35
9.36542402352132,0.0431923795184474,4.05315577535673,0.432778672399371,35
9.60413456976238,0.0437140150104728,4.10210584318596,0.427118738642107,35
9.86593852965739,0.0445696001005397,4.18239360893947,0.423922528644086,35
10.2745615398942,0.0455135334770309,4.27097194287551,0.415684107423184,35
10.7222145907408,0.0465791331552721,4.37096739434715,0.407655280292721,35
11.2235625539949,0.0477358749358817,4.47951558458224,0.399117086311228,35
11.765234445384,0.048891647567107,4.5879728302232,0.389960170493947,35
12.3067939924696,0.0498990642397315,4.68250841150773,0.38048157906705,35
12.7834928915977,0.050875323748124,4.77412021684942,0.373459762314831,35
13.2467707939249,0.0517583898588927,4.85698679069389,0.366654399494958,35
13.6693650237838,0.0523649716332245,4.91390818398756,0.359483280711113,35
13.9707252245368,0.0528383835940278,4.95833297475959,0.354908774961178,35
14.2137234591189,0.0538363856193842,5.05198508927584,0.355430095696333,35
14.687276737402,0.0549961374266554,5.16081573921986,0.351380029905582,35
15.2321522261239,0.0559556927569094,5.25086003110547,0.34472213467641,35
15.6893953684096,0.0569088466234013,5.34030361216878,0.340376635732018,35
16.1440787550625,0.0581252861706881,5.45445381716853,0.33786095198886,35
16.7146761048256,0.0592503023325292,5.56002488791235,0.332643292220731,35
17.2454442472839,0.0606157126078458,5.68815444698809,0.329835193888031,35
17.8821244105537,0.061844896416791,5.80350056845087,0.324542008276474,35
18.4593403077618,0.0631635223230651,5.92723990087795,0.321097059919615,35
19.0761870016806,0.0644403167373005,6.04705378267141,0.316994889080227,35
19.6750233669554,0.064967375313481,6.0965127505684,0.309860508771117,35
19.9448486126019,0.0663747861455936,6.22858362524759,0.312290343548264,35
20.6015363534471,0.0675925033430279,6.3428537244308,0.307882558640802,35
21.1752852256706,0.0688812955521339,6.46379347453977,0.305251778460287,35
21.7805931530778,0.0703150204373269,6.59833364953084,0.302945544373223,35
22.449928923684,0.0711911616765104,6.68055039617033,0.297575570010939,35
22.8747176676037,0.0715916824953543,6.7181351110702,0.293692591475556,35
23.0907906672353,0.0723452219223453,6.78884695224494,0.294006690809336,35
23.4620253864636,0.0732977930194415,6.87823584645912,0.2931646238192,35
23.9208857081979,0.0747417468289226,7.01373589965131,0.293205526969582,35
24.5958665804687,0.0763649915370434,7.16606053971257,0.291352228483914,35
25.3500188720676,0.0779765078567434,7.3172845924528,0.288650064892673,35
26.0994830636696,0.0796573235794735,7.47501167370759,0.286404587227737,35
26.8798517072427,0.081051601281098,7.6058501406269,0.282957295429481,35
27.534824727737,0.082682352296693,7.75887916960653,0.281784222210453,35
28.2940746858823,0.0843389443512572,7.91433311144132,0.27971697959044,35
29.0651439679155,0.0857607080519441,8.04775085361898,0.276886667497768,35
29.7335268221103,0.0873314338591739,8.19514714083571,0.27561974702381,35
30.4677513399864,0.0890989702788981,8.36101205792598,0.274421698031677,35
31.2888848577002,0.0902102348836191,8.46529268799987,0.270552713096023,35
31.8222240396749,0.0911974277816298,8.55793047829004,0.268929364195925,35
32.301361492548,0.0929922092059063,8.72635205580934,0.270154310920378,35
33.1355435810167,0.0946113431487254,8.87829094328393,0.267938593540089,35
33.8930822149843,0.0961548084143671,9.02312911208235,0.26622332707449,35
34.6178435498763,0.0976913790004443,9.16732028688304,0.264814885816763,35
35.340016776284,0.0993874539327261,9.3264792863144,0.263907041848752,35
36.1327001949818,0.100967688105798,9.47476783481329,0.262221416713528,35
36.8749830695171,0.102490519794819,9.61766975695944,0.260818282650547,35
37.5925013543352,0.104225316211618,9.78046236515114,0.260170566277661,35
38.4035721164354,0.106162913141416,9.96228569310585,0.259410391900558,35
39.3042364461453,0.108136365075623,10.1474736404636,0.258177605214839,35
40.2212180274536,0.10991737832542,10.3146032179466,0.256446813990223,35
41.0542371542128,0.111404214371157,10.4541273231933,0.254641860325506,35
41.758538736413,0.112951085538206,10.5992851004298,0.25382318014848,35
42.4896382374565,0.114814754224511,10.7741710313155,0.253571728973149,35
43.3603523833768,0.116749682113988,10.9557438975843,0.252667316923938,35
44.2629144077897,0.118298049073593,11.1010420394015,0.250797810942333,35
44.9962230712523,0.120281120822745,11.287132706381,0.250846225215561,35
45.9209447746533,0.122343393438966,11.4806555513363,0.250009132165616,35
46.881041227957,0.122952280415362,11.537793263878,0.246107871362668,35
47.2032607062518,0.123856598829426,11.6226541454407,0.246225662624644,35
47.6554133517496,0.125449855737637,11.7721647422436,0.247026810057277,35
48.410463116568,0.127080032849912,11.9251399163632,0.246333935861108,35
49.1821909165728,0.128876158515342,12.0936876369395,0.245895666938748,35
50.0272916491814,0.130839758597437,12.2779510903998,0.245425060714848,35
50.9464881139408,0.132596472060736,12.4428003855487,0.244232740002031,35
51.7753736361821,0.134536137037088,12.6248177781723,0.243838274676393,35
52.685141900796,0.136553372400987,12.8141143452194,0.243220647850734,35
53.629556022539,0.138540839507658,13.0006174708065,0.242415161246958,35
54.5614859155253,0.140738985333169,13.2068906038702,0.242055185672872,35
55.5865524800935,0.142892150112504,13.4089427333883,0.241226378235821,35
56.5925090358513,0.144687144037035,13.5773842518473,0.239914866528467,35
57.4417548595767,0.145561097609967,13.6593957087528,0.237795585147858,35
57.8869042438033,0.147403739137932,13.8323084594336,0.23895401974125,35
58.7578386470401,0.149518019663417,14.0307117059816,0.238788764683201,35
59.7486449285378,0.151067806838831,14.1761431202875,0.237263006336676,35
60.4920896468633,0.152259792161414,14.2879985505331,0.236196147859044,35
61.0787959596158,0.154060475826327,14.4569739919744,0.236693827454181,35
61.9332419372453,0.155800429320098,14.6202505382253,0.236064673524429,35
62.7615347322935,0.157783366504628,14.8063285777141,0.235914061707857,35
63.6970790945913,0.159770626464947,14.9928122647697,0.235376762606415,35
64.6351062559189,0.161654617681969,15.1696052538832,0.234696067394398,35
65.528351927316,0.163731540699535,15.3645028866942,0.234471071449142,35
66.506906779524,0.165853750217593,15.5636501867628,0.234015547262746,35
67.505970099655,0.168089033665816,15.7734082996228,0.233659456731567,35
68.5553358192193,0.170313833146062,15.982182601083,0.2331282081854,35
69.6007598075657,0.172270848311784,16.1658281286006,0.23226510993984,35
70.5292048834554,0.174177309289848,16.3447296711848,0.231744136321873,35
71.4360175111372,0.175601537694293,16.4783787001863,0.23067325523315,35
72.1315422762794,0.177576403817641,16.6636993544926,0.231018204084242,35
73.06937487353,0.179398889681072,16.8347207056019,0.230393659925787,35
73.9408480278403,0.181179335988077,17.001797081398,0.22993781563063,35
74.7943872802788,0.182794519283715,17.1533652417068,0.229340273588012,35
75.5758464838025,0.1844687299336,17.3104725055437,0.22904768270447,35
76.3837060621018,0.186490815347935,17.5002241994016,0.229109388659061,35
77.3448775987858,0.188380171106781,17.6775205949937,0.22855450992751,35
78.2483378036039,0.190288749610832,17.8566208453773,0.22820447496528,35
79.1607987488293,0.192009287246878,18.0180754152345,0.227613613051131,35
79.9912141372884,0.193761522256629,18.1825044540773,0.2273062691969,35
80.8360574224096,0.194949037413613,18.2939404057548,0.226309161889967,35
81.4333281189782,0.196665694810748,18.4550308555304,0.226627491247401,35
82.2633900527444,0.19822320121341,18.6011866390619,0.226117433613366,35
83.0240378550001,0.20023171540525,18.7896648147795,0.226315959813895,35
83.9832687870905,0.202312103743512,18.9848876319112,0.226055593049618,35
84.9746689736416,0.204132866541167,19.155747291211,0.225428913375973,35
85.852630880612,0.205869231362066,19.3186870778219,0.225021491824599,35
86.6940514975323,0.207388947272227,19.4612966165147,0.224482490786218,35
4.4643,0.0353757013066202,2.86904381526569,0.642663758095488,1000
5.37204381526569,0.0362984710954135,2.94388238687461,0.548000442310059,1000
5.748615835746,0.0369872579467817,2.99974444989991,0.521820301723228,1000
6.03655605848703,0.0381627717344196,3.09508109165153,0.512722993320013,1000
6.50943798581862,0.0394913510162921,3.20283166707357,0.492028908494285,1000
7.0407107831243,0.0408526659676668,3.31323717417625,0.470582768733756,1000
7.58472980781772,0.0415081130705155,3.36639531344146,0.443838528034533,1000
7.86107312039062,0.0418031750633491,3.3903254619443,0.431280234902055,1000
8.00072032699144,0.043281120102955,3.51018991462132,0.438734235313694,1000
8.58951716941317,0.0445311333825028,3.61156862193236,0.420462355531807,1000
9.09213195277349,0.0461268826565156,3.74098724590927,0.411453250496228,1000
9.72631127233332,0.0468447622966795,3.79920879532438,0.390611475301156,1000
10.0275742417705,0.0476261711505592,3.86258269765315,0.385196120669276,1000
10.3531093844647,0.0489673921685197,3.97135854447329,0.383590899796007,1000
10.8913615143044,0.0504652324103066,4.09283653991165,0.375787410466197,1000
11.4894001901103,0.0522079048485923,4.23417094167409,0.368528458545531,1000
12.1807607010497,0.0541273229967086,4.38983979242083,0.360391267849349,1000
12.9396590325161,0.0560646219730524,4.54695881596255,0.351397112129189,1000
13.7058261085149,0.0577730822269509,4.68551853758022,0.341863270443018,1000
14.3855931113315,0.0593890386921681,4.81657600728477,0.334819424545712,1000
15.0306610416803,0.060882142583683,4.93766987474963,0.328506501547561,1000
15.6294820504079,0.0617922104035533,5.01147828995078,0.320642633824195,1000
16.0073015298552,0.0624900116791009,5.06807144174562,0.316609981532063,1000
16.3047333936074,0.0641982505346597,5.20661320749205,0.319331391798986,1000
16.9859528801243,0.0662454273232038,5.37264355281354,0.316299214458566,1000
17.7962824518256,0.0678331017031594,5.50140728589082,0.309132387664845,1000
18.4326649719795,0.0694973817414189,5.63638389905396,0.305782365578832,1000
19.0985233271502,0.0716906245216799,5.81426050366297,0.304435081396974,1000
19.9656282378143,0.0737559383631358,5.98176180214048,0.299602984233234,1000
20.7847171938484,0.0762747515838856,6.18604285455454,0.297624586221717,1000
21.7765105620458,0.0785159785966627,6.36781108139139,0.292416503702381,1000
22.6635555129187,0.0809368581219593,6.56414950502727,0.289634585415584,1000
23.6193796343511,0.083279181528209,6.75411686210678,0.285956573232086,1000
24.5459960714392,0.0841508676510146,6.82481244091133,0.278041780054403,1000
24.9148419018709,0.0867900474221357,7.03885547384174,0.282516561877649,1000
25.9549610460001,0.0890533923659859,7.22241751143027,0.278267322329244,1000
26.8530623956868,0.0914818498289763,7.41937052175899,0.276295135818502,1000
27.8144290126705,0.094240125560176,7.64307248765938,0.274788041997112,1000
28.9016410657036,0.0958565315491552,7.77416641468695,0.268987023851467,1000
29.556022070629,0.0965512745387204,7.83051153305321,0.264937937667691,1000
29.8608682862908,0.0979521105070322,7.94412227779157,0.266037886160153,1000
30.4339505075762,0.099702133506855,8.08605282556207,0.265691856978907,1000
31.1399522917859,0.102612196617052,8.32206506729761,0.267247200294935,1000
32.286831471092,0.105951971753818,8.59292785860923,0.266143423404768,1000
33.5976154722872,0.109232673233542,8.85899965202906,0.263679416753143,1000
34.8868407484337,0.112757303268491,9.14485456456407,0.262129054061011,1000
36.2695343643082,0.115702819005299,9.38374208891897,0.258722430640114,1000
37.4332722550504,0.119173107642007,9.66518979970888,0.258197833570505,1000
38.7970175330398,0.122736924781869,9.95422286891181,0.256571857886621,1000
40.1971796909012,0.125760057897001,10.1994053259751,0.253734351623772,1000
41.3929882410722,0.129143710794764,10.4738266960333,0.25303383836494,1000
42.7264624914863,0.133069044962959,10.792179556956,0.252587715613163,1000
44.266483759039,0.135343674799813,10.9766568231134,0.247967669690322,1000
45.1808008092285,0.137358522330427,11.1400651975879,0.246566351150475,1000
45.9970651686021,0.141352260706337,11.4639657836959,0.249232548678373,1000
47.5651794862204,0.14497679303752,11.7579229826749,0.247196018383177,1000
48.9941643712627,0.148509318175929,12.0444182047138,0.245833730593809,1000
50.3891653708196,0.15204465915365,12.3311417972461,0.244718119589794,1000
51.7861596571493,0.156034045410749,12.6546894173606,0.24436431473469,1000
53.3564696801709,0.159763128943869,12.9571259388184,0.24284076544955,1000
54.8289976310696,0.163159727442747,13.2325972243678,0.241343044667835,1000
56.1762666544979,0.167082765552684,13.5507638701343,0.241218661850135,1000
57.7243003869844,0.171718075089288,13.9266972274003,0.241262295671591,1000
59.5437986012267,0.176538725640512,14.3176621309557,0.240455974716076,1000
61.4348921030377,0.180717046629232,14.6565327553704,0.238570171667083,1000
63.0833838054244,0.184340674294896,14.9504165840722,0.236994525058857,1000
64.5223721591203,0.188091306341534,15.2546007353198,0.236423433064426,1000
66.0105311629414,0.192700583148222,15.6284227834102,0.236756507000871,1000
67.825682794872,0.197618338488562,16.0272630896956,0.236300799774733,1000
69.7591756598721,0.201488298266607,16.3411249710556,0.234250545773803,1000
71.2961474891848,0.206611537613546,16.7566304626658,0.235028554175493,1000
73.3099786736426,0.211978592099559,17.1919098751027,0.23450981962001,1000
75.4177403215483,0.213387833239583,17.3062022969535,0.229471238771772,1000
76.0242360615108,0.215651237765525,17.489769166775,0.230055178096418,1000
76.9553851433512,0.219775100839527,17.824223139713,0.23161761982622,1000
78.5934880048071,0.223990127886565,18.1660707026961,0.231139642276532,1000
80.2672910559687,0.228732487223735,18.5506860240474,0.231111400173109,1000
82.1424224651176,0.234039699004417,18.981112067158,0.231075630563714,1000
84.2332716727288,0.238682527841185,19.3576552554898,0.22981008419927,1000
86.073280027104,0.243960530327745,19.7857123633834,0.229870551664268,1000
88.1556786087311,0.249526389886405,20.2371152855475,0.229561108313482,1000
90.3487724917958,0.254951915066107,20.6771367942795,0.228859078258723,1000
92.4900656934074,0.261081512120709,21.1742600136087,0.228935506260733,1000
94.9001219344925,0.267087462522199,21.6613552291872,0.228254240222574,1000
97.264867359926,0.27210483679477,22.0682748404995,0.226888448414128,1000
99.2558742669678,0.274599884082189,22.2706284257111,0.224375923240673,1000
100.290542815651,0.279886932185131,22.6994191521275,0.226336586829054,1000
102.385914965366,0.286015126711983,23.1964286235049,0.226558786248592,1000
104.802056987025,0.290471695234544,23.5578657084163,0.224784382918486,1000
106.585155686503,0.293906819739959,23.8364615341642,0.223637723101649,1000
107.981614698336,0.299208763802741,24.2664603542686,0.224727704082411,1000
110.087763715468,0.304403574521035,24.6877704346996,0.224255354105542,1000
112.154646757266,0.310250361637119,25.1619571729124,0.224350554349924,1000
114.470451445764,0.316240344131091,25.6477573575907,0.224055702005706,1000
116.842183049903,0.321962546181398,26.1118399848109,0.223479562801892,1000
119.113842521881,0.328340457270089,26.6291019948194,0.223560095376218,1000
121.635984934715,0.334861696290608,27.1579882016969,0.223272645971283,1000
124.214249703154,0.341710965030204,27.7134783090479,0.223110298337568,1000
126.918803080492,0.348520352678973,28.265733976013,0.222707221388519,1000
129.610047224227,0.354514279236616,28.7518540325543,0.221833527942578,1000
131.993501235627,0.360448464808483,29.2331289694392,0.221474002096921,1000
134.355872625695,0.365052270431667,29.6065072930348,0.220358862731041,1000
136.214712430049,0.371386759168249,30.1202476589158,0.221123306884956,1000
138.731874143218,0.377139155749837,30.5867791261597,0.220474056989844,1000
141.02972149983,0.382887497534199,31.0529817408163,0.220187499560891,1000
143.327563537152,0.388188584689697,31.4829110639368,0.219657058886486,1000
145.457126328469,0.393567953714563,31.9191892113876,0.219440532183402,1000
147.617822292313,0.400185761618947,32.4559073579515,0.219864423238018,1000
150.250158147764,0.406405915898659,32.9603749587922,0.219369985130912,1000
152.733284491607,0.412789688650632,33.4781123620272,0.219193298130553,1000
155.280195261983,0.418565662535161,33.9465559981522,0.218614846155228,1000
157.598045513568,0.424478271911186,34.4260810601526,0.218442309661694,1000
159.969314436361,0.428506701754912,34.7527951973,0.217246634579567,1000
161.626781788633,0.43430942325163,35.2234081210571,0.217930517029786,1000
163.958972359562,0.439743400200792,35.664115086077,0.217518532672098,1000
166.152707842628,0.446526543268995,36.214242262333,0.217957580905834,1000
168.860139465493,0.45368120490122,36.794500375899,0.217899265583741,1000
171.710444615091,0.460099751762137,37.3150580325429,0.217313851327967,1000
174.283181451551,0.466292901524124,37.8173355101718,0.216987865353402,1000
176.772057254689,0.471828176356617,38.2662579466859,0.216472323403199,1000
