"ID","areaperleaf","volume","plot","pot","Date","count","canopyarea","canopysqm"
"1-1",13.775,"10",1,1,2013-02-25,63,867.825,0.0867825
"1-1",13.775,"10",1,1,2013-04-02,57,785.175,0.0785175
"1-1",13.775,"10",1,1,2013-03-11,62,854.05,0.085405
"1-1",13.775,"10",1,1,2013-05-13,26,358.15,0.035815
"1-1",13.775,"10",1,1,2013-01-21,6,82.65,0.008265
"1-1",13.775,"10",1,1,2013-03-04,66,909.15,0.090915
"1-1",13.775,"10",1,1,2013-05-06,27,371.925,0.0371925
"1-1",13.775,"10",1,1,2013-02-18,65,895.375,0.0895375
"1-1",13.775,"10",1,1,2013-04-08,57,785.175,0.0785175
"1-1",13.775,"10",1,1,2013-01-29,16,220.4,0.02204
"1-1",13.775,"10",1,1,2013-02-11,57,785.175,0.0785175
"1-1",13.775,"10",1,1,2013-04-22,31,427.025,0.0427025
"1-1",13.775,"10",1,1,2013-04-29,30,413.25,0.041325
"1-1",13.775,"10",1,1,2013-03-25,61,840.275,0.0840275
"1-1",13.775,"10",1,1,2013-04-15,40,551,0.0551
"1-1",13.775,"10",1,1,2013-02-03,31,427.025,0.0427025
"1-1",13.775,"10",1,1,2013-03-18,61,840.275,0.0840275
"1-1",13.775,"10",1,1,2013-05-21,26,358.15,0.035815
"1-2",13.0969696969697,"15",1,2,2013-02-18,46,602.460606060606,0.0602460606060606
"1-2",13.0969696969697,"15",1,2,2013-05-06,38,497.684848484848,0.0497684848484848
"1-2",13.0969696969697,"15",1,2,2013-03-18,51,667.945454545454,0.0667945454545455
"1-2",13.0969696969697,"15",1,2,2013-02-25,45,589.363636363636,0.0589363636363636
"1-2",13.0969696969697,"15",1,2,2013-03-11,45,589.363636363636,0.0589363636363636
"1-2",13.0969696969697,"15",1,2,2013-04-22,43,563.169696969697,0.0563169696969697
"1-2",13.0969696969697,"15",1,2,2013-03-04,45,589.363636363636,0.0589363636363636
"1-2",13.0969696969697,"15",1,2,2013-04-02,49,641.751515151515,0.0641751515151515
"1-2",13.0969696969697,"15",1,2,2013-04-29,37,484.587878787879,0.0484587878787879
"1-2",13.0969696969697,"15",1,2,2013-04-08,49,641.751515151515,0.0641751515151515
"1-2",13.0969696969697,"15",1,2,2013-02-11,36,471.490909090909,0.0471490909090909
"1-2",13.0969696969697,"15",1,2,2013-01-29,18,235.745454545455,0.0235745454545455
"1-2",13.0969696969697,"15",1,2,2013-05-13,37,484.587878787879,0.0484587878787879
"1-2",13.0969696969697,"15",1,2,2013-05-21,38,497.684848484848,0.0497684848484848
"1-2",13.0969696969697,"15",1,2,2013-03-25,50,654.848484848485,0.0654848484848485
"1-2",13.0969696969697,"15",1,2,2013-01-21,8,104.775757575758,0.0104775757575758
"1-2",13.0969696969697,"15",1,2,2013-02-03,18,235.745454545455,0.0235745454545455
"1-2",13.0969696969697,"15",1,2,2013-04-15,47,615.557575757576,0.0615557575757576
"1-4",8.85555555555556,"20",1,4,2013-05-06,60,531.333333333333,0.0531333333333333
"1-4",8.85555555555556,"20",1,4,2013-02-25,69,611.033333333333,0.0611033333333333
"1-4",8.85555555555556,"20",1,4,2013-01-21,7,61.9888888888889,0.00619888888888889
"1-4",8.85555555555556,"20",1,4,2013-02-11,62,549.044444444444,0.0549044444444445
"1-4",8.85555555555556,"20",1,4,2013-03-11,73,646.455555555556,0.0646455555555556
"1-4",8.85555555555556,"20",1,4,2013-04-29,68,602.177777777778,0.0602177777777778
"1-4",8.85555555555556,"20",1,4,2013-02-18,64,566.755555555556,0.0566755555555556
"1-4",8.85555555555556,"20",1,4,2013-05-21,62,549.044444444444,0.0549044444444445
"1-4",8.85555555555556,"20",1,4,2013-03-18,69,611.033333333333,0.0611033333333333
"1-4",8.85555555555556,"20",1,4,2013-04-22,69,611.033333333333,0.0611033333333333
"1-4",8.85555555555556,"20",1,4,2013-02-03,50,442.777777777778,0.0442777777777778
"1-4",8.85555555555556,"20",1,4,2013-03-04,69,611.033333333333,0.0611033333333333
"1-4",8.85555555555556,"20",1,4,2013-04-15,66,584.466666666667,0.0584466666666667
"1-4",8.85555555555556,"20",1,4,2013-04-08,70,619.888888888889,0.0619888888888889
"1-4",8.85555555555556,"20",1,4,2013-05-13,59,522.477777777778,0.0522477777777778
"1-4",8.85555555555556,"20",1,4,2013-01-29,18,159.4,0.01594
"1-4",8.85555555555556,"20",1,4,2013-03-25,71,628.744444444445,0.0628744444444445
"1-4",8.85555555555556,"20",1,4,2013-04-02,70,619.888888888889,0.0619888888888889
"1-5",19.3120331950207,"1000",1,5,2013-02-18,64,1235.97012448133,0.123597012448133
"1-5",19.3120331950207,"1000",1,5,2013-02-25,88,1699.45892116183,0.169945892116183
"1-5",19.3120331950207,"1000",1,5,2013-04-22,292,5639.11369294606,0.563911369294606
"1-5",19.3120331950207,"1000",1,5,2013-05-21,263,5079.06473029046,0.507906473029046
"1-5",19.3120331950207,"1000",1,5,2013-04-29,286,5523.24149377593,0.552324149377593
"1-5",19.3120331950207,"1000",1,5,2013-03-11,132,2549.18838174274,0.254918838174274
"1-5",19.3120331950207,"1000",1,5,2013-03-18,200,3862.40663900415,0.386240663900415
"1-5",19.3120331950207,"1000",1,5,2013-01-21,7,135.184232365145,0.0135184232365145
"1-5",19.3120331950207,"1000",1,5,2013-03-04,114,2201.57178423237,0.220157178423237
"1-5",19.3120331950207,"1000",1,5,2013-05-06,277,5349.43319502075,0.534943319502075
"1-5",19.3120331950207,"1000",1,5,2013-04-02,264,5098.37676348548,0.509837676348548
"1-5",19.3120331950207,"1000",1,5,2013-05-13,279,5388.05726141079,0.538805726141079
"1-5",19.3120331950207,"1000",1,5,2013-01-29,17,328.304564315353,0.0328304564315353
"1-5",19.3120331950207,"1000",1,5,2013-02-03,17,328.304564315353,0.0328304564315353
"1-5",19.3120331950207,"1000",1,5,2013-04-08,290,5600.48962655602,0.560048962655602
"1-5",19.3120331950207,"1000",1,5,2013-04-15,304,5870.85809128631,0.587085809128631
"1-5",19.3120331950207,"1000",1,5,2013-02-11,35,675.921161825726,0.0675921161825726
"1-5",19.3120331950207,"1000",1,5,2013-03-25,206,3978.27883817427,0.397827883817427
"1-6",6.70909090909091,"25",1,6,2013-05-13,75,503.181818181818,0.0503181818181818
"1-6",6.70909090909091,"25",1,6,2013-02-18,91,610.527272727273,0.0610527272727273
"1-6",6.70909090909091,"25",1,6,2013-01-29,14,93.9272727272727,0.00939272727272727
"1-6",6.70909090909091,"25",1,6,2013-04-02,98,657.490909090909,0.0657490909090909
"1-6",6.70909090909091,"25",1,6,2013-05-06,75,503.181818181818,0.0503181818181818
"1-6",6.70909090909091,"25",1,6,2013-05-21,77,516.6,0.05166
"1-6",6.70909090909091,"25",1,6,2013-01-21,12,80.5090909090909,0.00805090909090909
"1-6",6.70909090909091,"25",1,6,2013-02-03,50,335.454545454545,0.0335454545454545
"1-6",6.70909090909091,"25",1,6,2013-02-11,73,489.763636363636,0.0489763636363636
"1-6",6.70909090909091,"25",1,6,2013-02-25,102,684.327272727273,0.0684327272727273
"1-6",6.70909090909091,"25",1,6,2013-03-25,99,664.2,0.06642
"1-6",6.70909090909091,"25",1,6,2013-03-18,106,711.163636363636,0.0711163636363636
"1-6",6.70909090909091,"25",1,6,2013-03-11,90,603.818181818182,0.0603818181818182
"1-6",6.70909090909091,"25",1,6,2013-04-22,83,556.854545454545,0.0556854545454545
"1-6",6.70909090909091,"25",1,6,2013-04-08,94,630.654545454545,0.0630654545454545
"1-6",6.70909090909091,"25",1,6,2013-04-15,91,610.527272727273,0.0610527272727273
"1-6",6.70909090909091,"25",1,6,2013-03-04,86,576.981818181818,0.0576981818181818
"1-6",6.70909090909091,"25",1,6,2013-04-29,80,536.727272727273,0.0536727272727273
"1-7",15.6565217391304,"35",1,7,2013-01-29,18,281.817391304348,0.0281817391304348
"1-7",15.6565217391304,"35",1,7,2013-05-13,137,2144.94347826087,0.214494347826087
"1-7",15.6565217391304,"35",1,7,2013-02-18,29,454.039130434783,0.0454039130434783
"1-7",15.6565217391304,"35",1,7,2013-05-21,133,2082.31739130435,0.208231739130435
"1-7",15.6565217391304,"35",1,7,2013-03-04,65,1017.67391304348,0.101767391304348
"1-7",15.6565217391304,"35",1,7,2013-03-18,91,1424.74347826087,0.142474347826087
"1-7",15.6565217391304,"35",1,7,2013-04-02,115,1800.5,0.18005
"1-7",15.6565217391304,"35",1,7,2013-02-25,36,563.634782608696,0.0563634782608696
"1-7",15.6565217391304,"35",1,7,2013-04-08,157,2458.07391304348,0.245807391304348
"1-7",15.6565217391304,"35",1,7,2013-03-25,113,1769.18695652174,0.176918695652174
"1-7",15.6565217391304,"35",1,7,2013-04-22,155,2426.76086956522,0.242676086956522
"1-7",15.6565217391304,"35",1,7,2013-03-11,69,1080.3,0.10803
"1-7",15.6565217391304,"35",1,7,2013-05-06,148,2317.1652173913,0.23171652173913
"1-7",15.6565217391304,"35",1,7,2013-04-15,160,2505.04347826087,0.250504347826087
"1-7",15.6565217391304,"35",1,7,2013-01-21,2,31.3130434782609,0.00313130434782609
"1-7",15.6565217391304,"35",1,7,2013-02-11,28,438.382608695652,0.0438382608695652
"1-7",15.6565217391304,"35",1,7,2013-02-03,22,344.44347826087,0.034444347826087
"1-7",15.6565217391304,"35",1,7,2013-04-29,151,2364.1347826087,0.23641347826087
"1-8",6.57173913043478,"5",1,8,2013-03-25,76,499.452173913044,0.0499452173913044
"1-8",6.57173913043478,"5",1,8,2013-01-21,12,78.8608695652174,0.00788608695652174
"1-8",6.57173913043478,"5",1,8,2013-04-02,72,473.165217391304,0.0473165217391304
"1-8",6.57173913043478,"5",1,8,2013-05-06,52,341.730434782609,0.0341730434782609
"1-8",6.57173913043478,"5",1,8,2013-04-22,64,420.591304347826,0.0420591304347826
"1-8",6.57173913043478,"5",1,8,2013-02-25,84,552.026086956522,0.0552026086956522
"1-8",6.57173913043478,"5",1,8,2013-02-11,70,460.021739130435,0.0460021739130435
"1-8",6.57173913043478,"5",1,8,2013-02-18,74,486.308695652174,0.0486308695652174
"1-8",6.57173913043478,"5",1,8,2013-04-29,59,387.732608695652,0.0387732608695652
"1-8",6.57173913043478,"5",1,8,2013-03-04,83,545.454347826087,0.0545454347826087
"1-8",6.57173913043478,"5",1,8,2013-02-03,60,394.304347826087,0.0394304347826087
"1-8",6.57173913043478,"5",1,8,2013-05-21,57,374.589130434783,0.0374589130434783
"1-8",6.57173913043478,"5",1,8,2013-05-13,50,328.586956521739,0.0328586956521739
"1-8",6.57173913043478,"5",1,8,2013-01-29,13,85.4326086956522,0.00854326086956522
"1-8",6.57173913043478,"5",1,8,2013-03-18,70,460.021739130435,0.0460021739130435
"1-8",6.57173913043478,"5",1,8,2013-03-11,69,453.45,0.045345
"1-8",6.57173913043478,"5",1,8,2013-04-15,75,492.880434782609,0.0492880434782609
"1-8",6.57173913043478,"5",1,8,2013-04-08,76,499.452173913044,0.0499452173913044
"2-1",27.3736842105263,"20",2,1,2013-01-21,9,246.363157894737,0.0246363157894737
"2-1",27.3736842105263,"20",2,1,2013-02-25,50,1368.68421052632,0.136868421052632
"2-1",27.3736842105263,"20",2,1,2013-03-18,50,1368.68421052632,0.136868421052632
"2-1",27.3736842105263,"20",2,1,2013-03-04,52,1423.43157894737,0.142343157894737
"2-1",27.3736842105263,"20",2,1,2013-03-25,47,1286.56315789474,0.128656315789474
"2-1",27.3736842105263,"20",2,1,2013-04-15,31,848.584210526316,0.0848584210526316
"2-1",27.3736842105263,"20",2,1,2013-04-02,45,1231.81578947368,0.123181578947368
"2-1",27.3736842105263,"20",2,1,2013-04-29,29,793.836842105263,0.0793836842105263
"2-1",27.3736842105263,"20",2,1,2013-05-06,25,684.342105263158,0.0684342105263158
"2-1",27.3736842105263,"20",2,1,2013-04-08,38,1040.2,0.10402
"2-1",27.3736842105263,"20",2,1,2013-02-11,24,656.968421052632,0.0656968421052632
"2-1",27.3736842105263,"20",2,1,2013-05-21,25,684.342105263158,0.0684342105263158
"2-1",27.3736842105263,"20",2,1,2013-04-22,29,793.836842105263,0.0793836842105263
"2-1",27.3736842105263,"20",2,1,2013-01-29,19,520.1,0.05201
"2-1",27.3736842105263,"20",2,1,2013-02-18,41,1122.32105263158,0.112232105263158
"2-1",27.3736842105263,"20",2,1,2013-02-03,19,520.1,0.05201
"2-1",27.3736842105263,"20",2,1,2013-03-11,49,1341.31052631579,0.134131052631579
"2-1",27.3736842105263,"20",2,1,2013-05-13,25,684.342105263158,0.0684342105263158
"2-2",18.3741935483871,"15",2,2,2013-02-25,59,1084.07741935484,0.108407741935484
"2-2",18.3741935483871,"15",2,2,2013-03-25,52,955.458064516129,0.0955458064516129
"2-2",18.3741935483871,"15",2,2,2013-02-03,36,661.470967741936,0.0661470967741935
"2-2",18.3741935483871,"15",2,2,2013-04-08,52,955.458064516129,0.0955458064516129
"2-2",18.3741935483871,"15",2,2,2013-03-11,57,1047.32903225806,0.104732903225806
"2-2",18.3741935483871,"15",2,2,2013-03-18,60,1102.45161290323,0.110245161290323
"2-2",18.3741935483871,"15",2,2,2013-04-29,43,790.090322580645,0.0790090322580645
"2-2",18.3741935483871,"15",2,2,2013-02-18,48,881.961290322581,0.0881961290322581
"2-2",18.3741935483871,"15",2,2,2013-03-04,59,1084.07741935484,0.108407741935484
"2-2",18.3741935483871,"15",2,2,2013-04-02,47,863.587096774194,0.0863587096774194
"2-2",18.3741935483871,"15",2,2,2013-04-15,49,900.335483870968,0.0900335483870968
"2-2",18.3741935483871,"15",2,2,2013-05-06,36,661.470967741936,0.0661470967741935
"2-2",18.3741935483871,"15",2,2,2013-01-21,10,183.741935483871,0.0183741935483871
"2-2",18.3741935483871,"15",2,2,2013-02-11,42,771.716129032258,0.0771716129032258
"2-2",18.3741935483871,"15",2,2,2013-05-21,36,661.470967741936,0.0661470967741935
"2-2",18.3741935483871,"15",2,2,2013-01-29,15,275.612903225806,0.0275612903225806
"2-2",18.3741935483871,"15",2,2,2013-05-13,35,643.096774193548,0.0643096774193548
"2-2",18.3741935483871,"15",2,2,2013-04-22,44,808.464516129032,0.0808464516129032
"2-3",31.3491228070175,"1000",2,3,2013-05-21,202,6332.52280701754,0.633252280701754
"2-3",31.3491228070175,"1000",2,3,2013-03-18,66,2069.04210526316,0.206904210526316
"2-3",31.3491228070175,"1000",2,3,2013-04-15,175,5486.09649122807,0.548609649122807
"2-3",31.3491228070175,"1000",2,3,2013-02-25,36,1128.56842105263,0.112856842105263
"2-3",31.3491228070175,"1000",2,3,2013-02-18,28,877.775438596491,0.0877775438596491
"2-3",31.3491228070175,"1000",2,3,2013-02-03,16,501.585964912281,0.0501585964912281
"2-3",31.3491228070175,"1000",2,3,2013-03-04,44,1379.36140350877,0.137936140350877
"2-3",31.3491228070175,"1000",2,3,2013-03-11,51,1598.80526315789,0.159880526315789
"2-3",31.3491228070175,"1000",2,3,2013-03-25,88,2758.72280701754,0.275872280701754
"2-3",31.3491228070175,"1000",2,3,2013-05-06,191,5987.68245614035,0.598768245614035
"2-3",31.3491228070175,"1000",2,3,2013-01-21,7,219.443859649123,0.0219443859649123
"2-3",31.3491228070175,"1000",2,3,2013-02-11,18,564.284210526316,0.0564284210526316
"2-3",31.3491228070175,"1000",2,3,2013-04-02,120,3761.89473684211,0.376189473684211
"2-3",31.3491228070175,"1000",2,3,2013-04-29,181,5674.19122807018,0.567419122807018
"2-3",31.3491228070175,"1000",2,3,2013-04-22,176,5517.44561403509,0.551744561403509
"2-3",31.3491228070175,"1000",2,3,2013-04-08,153,4796.41578947368,0.479641578947368
"2-3",31.3491228070175,"1000",2,3,2013-05-13,190,5956.33333333333,0.595633333333333
"2-3",31.3491228070175,"1000",2,3,2013-01-29,16,501.585964912281,0.0501585964912281
"2-4",23.1764705882353,"25",2,4,2013-04-22,53,1228.35294117647,0.122835294117647
"2-4",23.1764705882353,"25",2,4,2013-02-03,14,324.470588235294,0.0324470588235294
"2-4",23.1764705882353,"25",2,4,2013-05-21,43,996.588235294118,0.0996588235294118
"2-4",23.1764705882353,"25",2,4,2013-04-29,47,1089.29411764706,0.108929411764706
"2-4",23.1764705882353,"25",2,4,2013-03-11,68,1576,0.1576
"2-4",23.1764705882353,"25",2,4,2013-02-11,15,347.647058823529,0.0347647058823529
"2-4",23.1764705882353,"25",2,4,2013-04-02,68,1576,0.1576
"2-4",23.1764705882353,"25",2,4,2013-05-13,44,1019.76470588235,0.101976470588235
"2-4",23.1764705882353,"25",2,4,2013-03-04,57,1321.05882352941,0.132105882352941
"2-4",23.1764705882353,"25",2,4,2013-01-29,16,370.823529411765,0.0370823529411765
"2-4",23.1764705882353,"25",2,4,2013-04-15,55,1274.70588235294,0.127470588235294
"2-4",23.1764705882353,"25",2,4,2013-02-18,35,811.176470588235,0.0811176470588235
"2-4",23.1764705882353,"25",2,4,2013-03-18,64,1483.29411764706,0.148329411764706
"2-4",23.1764705882353,"25",2,4,2013-03-25,70,1622.35294117647,0.162235294117647
"2-4",23.1764705882353,"25",2,4,2013-05-06,42,973.411764705882,0.0973411764705882
"2-4",23.1764705882353,"25",2,4,2013-02-25,55,1274.70588235294,0.127470588235294
"2-4",23.1764705882353,"25",2,4,2013-04-08,68,1576,0.1576
"2-4",23.1764705882353,"25",2,4,2013-01-21,7,162.235294117647,0.0162235294117647
"2-6",20.5636363636364,"5",2,6,2013-03-25,38,781.418181818182,0.0781418181818182
"2-6",20.5636363636364,"5",2,6,2013-03-18,37,760.854545454545,0.0760854545454545
"2-6",20.5636363636364,"5",2,6,2013-01-21,5,102.818181818182,0.0102818181818182
"2-6",20.5636363636364,"5",2,6,2013-03-11,39,801.981818181818,0.0801981818181818
"2-6",20.5636363636364,"5",2,6,2013-04-08,33,678.6,0.06786
"2-6",20.5636363636364,"5",2,6,2013-02-03,20,411.272727272727,0.0411272727272727
"2-6",20.5636363636364,"5",2,6,2013-04-02,39,801.981818181818,0.0801981818181818
"2-6",20.5636363636364,"5",2,6,2013-02-18,32,658.036363636364,0.0658036363636364
"2-6",20.5636363636364,"5",2,6,2013-05-13,13,267.327272727273,0.0267327272727273
"2-6",20.5636363636364,"5",2,6,2013-04-29,17,349.581818181818,0.0349581818181818
"2-6",20.5636363636364,"5",2,6,2013-02-11,28,575.781818181818,0.0575781818181818
"2-6",20.5636363636364,"5",2,6,2013-03-04,34,699.163636363636,0.0699163636363636
"2-6",20.5636363636364,"5",2,6,2013-05-21,13,267.327272727273,0.0267327272727273
"2-6",20.5636363636364,"5",2,6,2013-01-29,17,349.581818181818,0.0349581818181818
"2-6",20.5636363636364,"5",2,6,2013-04-22,20,411.272727272727,0.0411272727272727
"2-6",20.5636363636364,"5",2,6,2013-04-15,25,514.090909090909,0.0514090909090909
"2-6",20.5636363636364,"5",2,6,2013-05-06,13,267.327272727273,0.0267327272727273
"2-6",20.5636363636364,"5",2,6,2013-02-25,34,699.163636363636,0.0699163636363636
"2-7",22.544,"35",2,7,2013-02-11,17,383.248,0.0383248
"2-7",22.544,"35",2,7,2013-01-29,16,360.704,0.0360704
"2-7",22.544,"35",2,7,2013-05-13,30,676.32,0.067632
"2-7",22.544,"35",2,7,2013-02-03,17,383.248,0.0383248
"2-7",22.544,"35",2,7,2013-04-22,30,676.32,0.067632
"2-7",22.544,"35",2,7,2013-03-04,17,383.248,0.0383248
"2-7",22.544,"35",2,7,2013-03-25,29,653.776,0.0653776
"2-7",22.544,"35",2,7,2013-04-15,32,721.408,0.0721408
"2-7",22.544,"35",2,7,2013-05-06,29,653.776,0.0653776
"2-7",22.544,"35",2,7,2013-02-25,15,338.16,0.033816
"2-7",22.544,"35",2,7,2013-03-18,32,721.408,0.0721408
"2-7",22.544,"35",2,7,2013-04-08,31,698.864,0.0698864
"2-7",22.544,"35",2,7,2013-04-29,30,676.32,0.067632
"2-7",22.544,"35",2,7,2013-02-18,17,383.248,0.0383248
"2-7",22.544,"35",2,7,2013-01-21,4,90.176,0.0090176
"2-7",22.544,"35",2,7,2013-05-21,27,608.688,0.0608688
"2-7",22.544,"35",2,7,2013-04-02,30,676.32,0.067632
"2-7",22.544,"35",2,7,2013-03-11,27,608.688,0.0608688
"2-8",9.91578947368421,"10",2,8,2013-05-21,41,406.547368421053,0.0406547368421053
"2-8",9.91578947368421,"10",2,8,2013-04-15,60,594.947368421053,0.0594947368421053
"2-8",9.91578947368421,"10",2,8,2013-02-11,68,674.273684210526,0.0674273684210526
"2-8",9.91578947368421,"10",2,8,2013-01-21,9,89.2421052631579,0.00892421052631579
"2-8",9.91578947368421,"10",2,8,2013-02-03,47,466.042105263158,0.0466042105263158
"2-8",9.91578947368421,"10",2,8,2013-05-06,45,446.210526315789,0.044621052631579
"2-8",9.91578947368421,"10",2,8,2013-04-02,71,704.021052631579,0.0704021052631579
"2-8",9.91578947368421,"10",2,8,2013-02-18,80,793.263157894737,0.0793263157894737
"2-8",9.91578947368421,"10",2,8,2013-04-29,45,446.210526315789,0.044621052631579
"2-8",9.91578947368421,"10",2,8,2013-03-25,78,773.431578947368,0.0773431578947368
"2-8",9.91578947368421,"10",2,8,2013-03-18,73,723.852631578947,0.0723852631578947
"2-8",9.91578947368421,"10",2,8,2013-03-04,76,753.6,0.07536
"2-8",9.91578947368421,"10",2,8,2013-03-11,82,813.094736842105,0.0813094736842105
"2-8",9.91578947368421,"10",2,8,2013-04-22,50,495.789473684211,0.049578947368421
"2-8",9.91578947368421,"10",2,8,2013-05-13,41,406.547368421053,0.0406547368421053
"2-8",9.91578947368421,"10",2,8,2013-01-29,16,158.652631578947,0.0158652631578947
"2-8",9.91578947368421,"10",2,8,2013-02-25,75,743.684210526316,0.0743684210526316
"2-8",9.91578947368421,"10",2,8,2013-04-08,65,644.526315789474,0.0644526315789474
"3-1",7.76428571428571,"5",3,1,2013-04-22,42,326.1,0.03261
"3-1",7.76428571428571,"5",3,1,2013-02-25,62,481.385714285714,0.0481385714285714
"3-1",7.76428571428571,"5",3,1,2013-04-02,61,473.621428571429,0.0473621428571429
"3-1",7.76428571428571,"5",3,1,2013-02-18,50,388.214285714286,0.0388214285714286
"3-1",7.76428571428571,"5",3,1,2013-05-06,37,287.278571428571,0.0287278571428571
"3-1",7.76428571428571,"5",3,1,2013-02-11,34,263.985714285714,0.0263985714285714
"3-1",7.76428571428571,"5",3,1,2013-05-13,34,263.985714285714,0.0263985714285714
"3-1",7.76428571428571,"5",3,1,2013-03-18,82,636.671428571429,0.0636671428571429
"3-1",7.76428571428571,"5",3,1,2013-01-21,14,108.7,0.01087
"3-1",7.76428571428571,"5",3,1,2013-03-25,67,520.207142857143,0.0520207142857143
"3-1",7.76428571428571,"5",3,1,2013-01-29,28,217.4,0.02174
"3-1",7.76428571428571,"5",3,1,2013-04-29,41,318.335714285714,0.0318335714285714
"3-1",7.76428571428571,"5",3,1,2013-04-08,55,427.035714285714,0.0427035714285714
"3-1",7.76428571428571,"5",3,1,2013-03-11,73,566.792857142857,0.0566792857142857
"3-1",7.76428571428571,"5",3,1,2013-02-03,35,271.75,0.027175
"3-1",7.76428571428571,"5",3,1,2013-05-21,37,287.278571428571,0.0287278571428571
"3-1",7.76428571428571,"5",3,1,2013-04-15,45,349.392857142857,0.0349392857142857
"3-1",7.76428571428571,"5",3,1,2013-03-04,65,504.678571428571,0.0504678571428571
"3-2",20.6503968253968,"1000",3,2,2013-03-18,111,2292.19404761905,0.229219404761905
"3-2",20.6503968253968,"1000",3,2,2013-05-21,266,5493.00555555556,0.549300555555556
"3-2",20.6503968253968,"1000",3,2,2013-02-18,33,681.463095238095,0.0681463095238095
"3-2",20.6503968253968,"1000",3,2,2013-01-29,22,454.30873015873,0.045430873015873
"3-2",20.6503968253968,"1000",3,2,2013-04-29,265,5472.35515873016,0.547235515873016
"3-2",20.6503968253968,"1000",3,2,2013-02-11,26,536.910317460317,0.0536910317460317
"3-2",20.6503968253968,"1000",3,2,2013-03-11,90,1858.53571428571,0.185853571428571
"3-2",20.6503968253968,"1000",3,2,2013-04-22,265,5472.35515873016,0.547235515873016
"3-2",20.6503968253968,"1000",3,2,2013-04-02,198,4088.77857142857,0.408877857142857
"3-2",20.6503968253968,"1000",3,2,2013-05-13,264,5451.70476190476,0.545170476190476
"3-2",20.6503968253968,"1000",3,2,2013-03-25,165,3407.31547619048,0.340731547619048
"3-2",20.6503968253968,"1000",3,2,2013-05-06,265,5472.35515873016,0.547235515873016
"3-2",20.6503968253968,"1000",3,2,2013-02-03,24,495.609523809524,0.0495609523809524
"3-2",20.6503968253968,"1000",3,2,2013-02-25,52,1073.82063492063,0.107382063492063
"3-2",20.6503968253968,"1000",3,2,2013-01-21,13,268.455158730159,0.0268455158730159
"3-2",20.6503968253968,"1000",3,2,2013-04-15,255,5265.85119047619,0.526585119047619
"3-2",20.6503968253968,"1000",3,2,2013-03-04,77,1590.08055555556,0.159008055555556
"3-2",20.6503968253968,"1000",3,2,2013-04-08,232,4790.89206349206,0.479089206349206
"3-3",16.6913043478261,"25",3,3,2013-04-08,42,701.034782608696,0.0701034782608696
"3-3",16.6913043478261,"25",3,3,2013-03-11,43,717.726086956522,0.0717726086956522
"3-3",16.6913043478261,"25",3,3,2013-01-29,15,250.369565217391,0.0250369565217391
"3-3",16.6913043478261,"25",3,3,2013-03-18,44,734.417391304348,0.0734417391304348
"3-3",16.6913043478261,"25",3,3,2013-04-29,30,500.739130434783,0.0500739130434783
"3-3",16.6913043478261,"25",3,3,2013-02-18,40,667.652173913043,0.0667652173913044
"3-3",16.6913043478261,"25",3,3,2013-04-22,29,484.047826086956,0.0484047826086956
"3-3",16.6913043478261,"25",3,3,2013-01-21,9,150.221739130435,0.0150221739130435
"3-3",16.6913043478261,"25",3,3,2013-05-21,29,484.047826086956,0.0484047826086956
"3-3",16.6913043478261,"25",3,3,2013-02-03,26,433.973913043478,0.0433973913043478
"3-3",16.6913043478261,"25",3,3,2013-03-25,42,701.034782608696,0.0701034782608696
"3-3",16.6913043478261,"25",3,3,2013-04-15,39,650.960869565217,0.0650960869565217
"3-3",16.6913043478261,"25",3,3,2013-04-02,43,717.726086956522,0.0717726086956522
"3-3",16.6913043478261,"25",3,3,2013-03-04,44,734.417391304348,0.0734417391304348
"3-3",16.6913043478261,"25",3,3,2013-02-11,36,600.886956521739,0.0600886956521739
"3-3",16.6913043478261,"25",3,3,2013-05-13,28,467.35652173913,0.046735652173913
"3-3",16.6913043478261,"25",3,3,2013-02-25,42,701.034782608696,0.0701034782608696
"3-3",16.6913043478261,"25",3,3,2013-05-06,26,433.973913043478,0.0433973913043478
"3-4",12.5133333333333,"20",3,4,2013-03-18,37,462.993333333333,0.0462993333333333
"3-4",12.5133333333333,"20",3,4,2013-02-03,27,337.86,0.033786
"3-4",12.5133333333333,"20",3,4,2013-02-25,44,550.586666666667,0.0550586666666667
"3-4",12.5133333333333,"20",3,4,2013-02-18,41,513.046666666667,0.0513046666666667
"3-4",12.5133333333333,"20",3,4,2013-04-22,32,400.426666666667,0.0400426666666667
"3-4",12.5133333333333,"20",3,4,2013-04-02,36,450.48,0.045048
"3-4",12.5133333333333,"20",3,4,2013-05-13,37,462.993333333333,0.0462993333333333
"3-4",12.5133333333333,"20",3,4,2013-05-21,40,500.533333333333,0.0500533333333333
"3-4",12.5133333333333,"20",3,4,2013-03-11,39,488.02,0.048802
"3-4",12.5133333333333,"20",3,4,2013-04-29,28,350.373333333333,0.0350373333333333
"3-4",12.5133333333333,"20",3,4,2013-02-11,38,475.506666666667,0.0475506666666667
"3-4",12.5133333333333,"20",3,4,2013-05-06,36,450.48,0.045048
"3-4",12.5133333333333,"20",3,4,2013-03-04,38,475.506666666667,0.0475506666666667
"3-4",12.5133333333333,"20",3,4,2013-01-21,6,75.08,0.007508
"3-4",12.5133333333333,"20",3,4,2013-04-15,31,387.913333333333,0.0387913333333333
"3-4",12.5133333333333,"20",3,4,2013-03-25,38,475.506666666667,0.0475506666666667
"3-4",12.5133333333333,"20",3,4,2013-01-29,15,187.7,0.01877
"3-4",12.5133333333333,"20",3,4,2013-04-08,34,425.453333333333,0.0425453333333333
"3-5",25.62,"35",3,5,2013-03-11,86,2203.32,0.220332
"3-5",25.62,"35",3,5,2013-04-22,80,2049.6,0.20496
"3-5",25.62,"35",3,5,2013-03-18,87,2228.94,0.222894
"3-5",25.62,"35",3,5,2013-04-29,71,1819.02,0.181902
"3-5",25.62,"35",3,5,2013-04-02,95,2433.9,0.24339
"3-5",25.62,"35",3,5,2013-05-21,65,1665.3,0.16653
"3-5",25.62,"35",3,5,2013-01-29,15,384.3,0.03843
"3-5",25.62,"35",3,5,2013-01-21,7,179.34,0.017934
"3-5",25.62,"35",3,5,2013-03-25,89,2280.18,0.228018
"3-5",25.62,"35",3,5,2013-05-13,64,1639.68,0.163968
"3-5",25.62,"35",3,5,2013-02-11,51,1306.62,0.130662
"3-5",25.62,"35",3,5,2013-02-03,29,742.98,0.074298
"3-5",25.62,"35",3,5,2013-04-15,80,2049.6,0.20496
"3-5",25.62,"35",3,5,2013-02-25,68,1742.16,0.174216
"3-5",25.62,"35",3,5,2013-04-08,92,2357.04,0.235704
"3-5",25.62,"35",3,5,2013-05-06,67,1716.54,0.171654
"3-5",25.62,"35",3,5,2013-02-18,64,1639.68,0.163968
"3-5",25.62,"35",3,5,2013-03-04,87,2228.94,0.222894
"3-6",12.9703703703704,"10",3,6,2013-03-18,53,687.42962962963,0.068742962962963
"3-6",12.9703703703704,"10",3,6,2013-03-25,50,648.518518518518,0.0648518518518518
"3-6",12.9703703703704,"10",3,6,2013-01-29,21,272.377777777778,0.0272377777777778
"3-6",12.9703703703704,"10",3,6,2013-04-22,42,544.755555555556,0.0544755555555556
"3-6",12.9703703703704,"10",3,6,2013-04-29,34,440.992592592593,0.0440992592592593
"3-6",12.9703703703704,"10",3,6,2013-03-11,54,700.4,0.07004
"3-6",12.9703703703704,"10",3,6,2013-04-15,48,622.577777777778,0.0622577777777778
"3-6",12.9703703703704,"10",3,6,2013-02-25,48,622.577777777778,0.0622577777777778
"3-6",12.9703703703704,"10",3,6,2013-05-13,30,389.111111111111,0.0389111111111111
"3-6",12.9703703703704,"10",3,6,2013-03-04,55,713.37037037037,0.071337037037037
"3-6",12.9703703703704,"10",3,6,2013-04-02,50,648.518518518518,0.0648518518518518
"3-6",12.9703703703704,"10",3,6,2013-02-18,40,518.814814814815,0.0518814814814815
"3-6",12.9703703703704,"10",3,6,2013-05-21,30,389.111111111111,0.0389111111111111
"3-6",12.9703703703704,"10",3,6,2013-02-03,17,220.496296296296,0.0220496296296296
"3-6",12.9703703703704,"10",3,6,2013-05-06,33,428.022222222222,0.0428022222222222
"3-6",12.9703703703704,"10",3,6,2013-04-08,49,635.548148148148,0.0635548148148148
"3-6",12.9703703703704,"10",3,6,2013-01-21,11,142.674074074074,0.0142674074074074
"3-6",12.9703703703704,"10",3,6,2013-02-11,31,402.081481481481,0.0402081481481481
"3-7",13.1153846153846,"15",3,7,2013-03-11,24,314.769230769231,0.0314769230769231
"3-7",13.1153846153846,"15",3,7,2013-04-22,37,485.269230769231,0.0485269230769231
"3-7",13.1153846153846,"15",3,7,2013-03-18,35,459.038461538462,0.0459038461538462
"3-7",13.1153846153846,"15",3,7,2013-01-21,7,91.8076923076923,0.00918076923076923
"3-7",13.1153846153846,"15",3,7,2013-03-04,23,301.653846153846,0.0301653846153846
"3-7",13.1153846153846,"15",3,7,2013-03-25,41,537.730769230769,0.0537730769230769
"3-7",13.1153846153846,"15",3,7,2013-05-06,29,380.346153846154,0.0380346153846154
"3-7",13.1153846153846,"15",3,7,2013-04-02,44,577.076923076923,0.0577076923076923
"3-7",13.1153846153846,"15",3,7,2013-02-25,22,288.538461538462,0.0288538461538462
"3-7",13.1153846153846,"15",3,7,2013-01-29,17,222.961538461538,0.0222961538461538
"3-7",13.1153846153846,"15",3,7,2013-04-29,33,432.807692307692,0.0432807692307692
"3-7",13.1153846153846,"15",3,7,2013-02-11,16,209.846153846154,0.0209846153846154
"3-7",13.1153846153846,"15",3,7,2013-05-13,28,367.230769230769,0.0367230769230769
"3-7",13.1153846153846,"15",3,7,2013-02-18,22,288.538461538462,0.0288538461538462
"3-7",13.1153846153846,"15",3,7,2013-05-21,32,419.692307692308,0.0419692307692308
"3-7",13.1153846153846,"15",3,7,2013-04-08,47,616.423076923077,0.0616423076923077
"3-7",13.1153846153846,"15",3,7,2013-04-15,45,590.192307692308,0.0590192307692308
"4-1",17.7517857142857,"25",4,1,2013-04-08,89,1579.90892857143,0.157990892857143
"4-1",17.7517857142857,"25",4,1,2013-04-15,76,1349.13571428571,0.134913571428571
"4-1",17.7517857142857,"25",4,1,2013-05-21,66,1171.61785714286,0.117161785714286
"4-1",17.7517857142857,"25",4,1,2013-03-04,70,1242.625,0.1242625
"4-1",17.7517857142857,"25",4,1,2013-04-22,71,1260.37678571429,0.126037678571429
"4-1",17.7517857142857,"25",4,1,2013-04-29,68,1207.12142857143,0.120712142857143
"4-1",17.7517857142857,"25",4,1,2013-02-11,39,692.319642857143,0.0692319642857143
"4-1",17.7517857142857,"25",4,1,2013-05-06,63,1118.3625,0.11183625
"4-1",17.7517857142857,"25",4,1,2013-02-18,54,958.596428571429,0.0958596428571429
"4-1",17.7517857142857,"25",4,1,2013-05-13,64,1136.11428571429,0.113611428571429
"4-1",17.7517857142857,"25",4,1,2013-03-18,93,1650.91607142857,0.165091607142857
"4-1",17.7517857142857,"25",4,1,2013-04-02,86,1526.65357142857,0.152665357142857
"4-1",17.7517857142857,"25",4,1,2013-03-11,76,1349.13571428571,0.134913571428571
"4-1",17.7517857142857,"25",4,1,2013-01-21,5,88.7589285714286,0.00887589285714286
"4-1",17.7517857142857,"25",4,1,2013-03-25,89,1579.90892857143,0.157990892857143
"4-1",17.7517857142857,"25",4,1,2013-01-29,15,266.276785714286,0.0266276785714286
"4-1",17.7517857142857,"25",4,1,2013-02-25,58,1029.60357142857,0.102960357142857
"4-2",10.35,"10",4,2,2013-04-15,40,414,0.0414
"4-2",10.35,"10",4,2,2013-04-08,52,538.2,0.05382
"4-2",10.35,"10",4,2,2013-04-29,31,320.85,0.032085
"4-2",10.35,"10",4,2,2013-03-04,56,579.6,0.05796
"4-2",10.35,"10",4,2,2013-02-18,63,652.05,0.065205
"4-2",10.35,"10",4,2,2013-05-13,26,269.1,0.02691
"4-2",10.35,"10",4,2,2013-05-21,26,269.1,0.02691
"4-2",10.35,"10",4,2,2013-01-21,9,93.15,0.009315
"4-2",10.35,"10",4,2,2013-04-02,54,558.9,0.05589
"4-2",10.35,"10",4,2,2013-01-29,18,186.3,0.01863
"4-2",10.35,"10",4,2,2013-05-06,26,269.1,0.02691
"4-2",10.35,"10",4,2,2013-02-11,50,517.5,0.05175
"4-2",10.35,"10",4,2,2013-02-25,54,558.9,0.05589
"4-2",10.35,"10",4,2,2013-03-25,58,600.3,0.06003
"4-2",10.35,"10",4,2,2013-03-18,56,579.6,0.05796
"4-2",10.35,"10",4,2,2013-03-11,61,631.35,0.063135
"4-2",10.35,"10",4,2,2013-04-22,30,310.5,0.03105
"4-4",18.7533333333333,"35",4,4,2013-05-06,54,1012.68,0.101268
"4-4",18.7533333333333,"35",4,4,2013-05-21,40,750.133333333333,0.0750133333333333
"4-4",18.7533333333333,"35",4,4,2013-03-11,54,1012.68,0.101268
"4-4",18.7533333333333,"35",4,4,2013-02-18,70,1312.73333333333,0.131273333333333
"4-4",18.7533333333333,"35",4,4,2013-04-29,52,975.173333333333,0.0975173333333333
"4-4",18.7533333333333,"35",4,4,2013-04-15,66,1237.72,0.123772
"4-4",18.7533333333333,"35",4,4,2013-05-13,52,975.173333333333,0.0975173333333333
"4-4",18.7533333333333,"35",4,4,2013-03-18,53,993.926666666667,0.0993926666666667
"4-4",18.7533333333333,"35",4,4,2013-01-21,3,56.26,0.005626
"4-4",18.7533333333333,"35",4,4,2013-03-04,67,1256.47333333333,0.125647333333333
"4-4",18.7533333333333,"35",4,4,2013-04-22,57,1068.94,0.106894
"4-4",18.7533333333333,"35",4,4,2013-03-25,58,1087.69333333333,0.108769333333333
"4-4",18.7533333333333,"35",4,4,2013-02-25,59,1106.44666666667,0.110644666666667
"4-4",18.7533333333333,"35",4,4,2013-04-08,57,1068.94,0.106894
"4-4",18.7533333333333,"35",4,4,2013-04-02,63,1181.46,0.118146
"4-4",18.7533333333333,"35",4,4,2013-02-11,46,862.653333333333,0.0862653333333333
"4-4",18.7533333333333,"35",4,4,2013-01-29,12,225.04,0.022504
"4-5",10.3666666666667,"5",4,5,2013-05-21,58,601.266666666667,0.0601266666666667
"4-5",10.3666666666667,"5",4,5,2013-04-29,27,279.9,0.02799
"4-5",10.3666666666667,"5",4,5,2013-04-22,30,311,0.0311
"4-5",10.3666666666667,"5",4,5,2013-04-15,35,362.833333333333,0.0362833333333333
"4-5",10.3666666666667,"5",4,5,2013-04-08,46,476.866666666667,0.0476866666666667
"4-5",10.3666666666667,"5",4,5,2013-02-25,58,601.266666666667,0.0601266666666667
"4-5",10.3666666666667,"5",4,5,2013-03-04,67,694.566666666667,0.0694566666666667
"4-5",10.3666666666667,"5",4,5,2013-03-11,54,559.8,0.05598
"4-5",10.3666666666667,"5",4,5,2013-02-11,48,497.6,0.04976
"4-5",10.3666666666667,"5",4,5,2013-01-21,11,114.033333333333,0.0114033333333333
"4-5",10.3666666666667,"5",4,5,2013-03-18,55,570.166666666667,0.0570166666666667
"4-5",10.3666666666667,"5",4,5,2013-03-25,56,580.533333333333,0.0580533333333333
"4-5",10.3666666666667,"5",4,5,2013-04-02,52,539.066666666667,0.0539066666666667
"4-5",10.3666666666667,"5",4,5,2013-05-13,25,259.166666666667,0.0259166666666667
"4-5",10.3666666666667,"5",4,5,2013-01-29,16,165.866666666667,0.0165866666666667
"4-5",10.3666666666667,"5",4,5,2013-02-18,59,611.633333333333,0.0611633333333333
"4-5",10.3666666666667,"5",4,5,2013-05-06,27,279.9,0.02799
"4-6",27.0733333333333,"15",4,6,2013-05-13,17,460.246666666667,0.0460246666666667
"4-6",27.0733333333333,"15",4,6,2013-04-02,38,1028.78666666667,0.102878666666667
"4-6",27.0733333333333,"15",4,6,2013-04-08,35,947.566666666667,0.0947566666666667
"4-6",27.0733333333333,"15",4,6,2013-03-25,38,1028.78666666667,0.102878666666667
"4-6",27.0733333333333,"15",4,6,2013-04-15,32,866.346666666667,0.0866346666666667
"4-6",27.0733333333333,"15",4,6,2013-05-21,20,541.466666666667,0.0541466666666667
"4-6",27.0733333333333,"15",4,6,2013-02-25,40,1082.93333333333,0.108293333333333
"4-6",27.0733333333333,"15",4,6,2013-01-21,9,243.66,0.024366
"4-6",27.0733333333333,"15",4,6,2013-03-04,39,1055.86,0.105586
"4-6",27.0733333333333,"15",4,6,2013-04-22,27,730.98,0.073098
"4-6",27.0733333333333,"15",4,6,2013-01-29,19,514.393333333333,0.0514393333333333
"4-6",27.0733333333333,"15",4,6,2013-05-06,18,487.32,0.048732
"4-6",27.0733333333333,"15",4,6,2013-03-18,40,1082.93333333333,0.108293333333333
"4-6",27.0733333333333,"15",4,6,2013-03-11,43,1164.15333333333,0.116415333333333
"4-6",27.0733333333333,"15",4,6,2013-04-29,20,541.466666666667,0.0541466666666667
"4-6",27.0733333333333,"15",4,6,2013-02-18,30,812.2,0.08122
"4-6",27.0733333333333,"15",4,6,2013-02-11,22,595.613333333333,0.0595613333333333
"4-7",4.94137931034483,"20",4,7,2013-01-29,11,54.3551724137931,0.00543551724137931
"4-7",4.94137931034483,"20",4,7,2013-04-02,62,306.365517241379,0.0306365517241379
"4-7",4.94137931034483,"20",4,7,2013-05-06,97,479.313793103448,0.0479313793103448
"4-7",4.94137931034483,"20",4,7,2013-05-21,116,573.2,0.05732
"4-7",4.94137931034483,"20",4,7,2013-02-18,63,311.306896551724,0.0311306896551724
"4-7",4.94137931034483,"20",4,7,2013-03-04,67,331.072413793103,0.0331072413793103
"4-7",4.94137931034483,"20",4,7,2013-04-22,78,385.427586206897,0.0385427586206897
"4-7",4.94137931034483,"20",4,7,2013-03-11,67,331.072413793103,0.0331072413793103
"4-7",4.94137931034483,"20",4,7,2013-04-08,62,306.365517241379,0.0306365517241379
"4-7",4.94137931034483,"20",4,7,2013-05-13,100,494.137931034483,0.0494137931034483
"4-7",4.94137931034483,"20",4,7,2013-03-25,65,321.189655172414,0.0321189655172414
"4-7",4.94137931034483,"20",4,7,2013-04-15,59,291.541379310345,0.0291541379310345
"4-7",4.94137931034483,"20",4,7,2013-04-29,88,434.841379310345,0.0434841379310345
"4-7",4.94137931034483,"20",4,7,2013-03-18,69,340.955172413793,0.0340955172413793
"4-7",4.94137931034483,"20",4,7,2013-01-21,7,34.5896551724138,0.00345896551724138
"4-7",4.94137931034483,"20",4,7,2013-02-25,69,340.955172413793,0.0340955172413793
"4-7",4.94137931034483,"20",4,7,2013-02-11,56,276.71724137931,0.027671724137931
"4-8",23.3047393364929,"1000",4,8,2013-03-25,120,2796.56872037915,0.279656872037915
"4-8",23.3047393364929,"1000",4,8,2013-05-06,225,5243.5663507109,0.52435663507109
"4-8",23.3047393364929,"1000",4,8,2013-03-04,52,1211.84644549763,0.121184644549763
"4-8",23.3047393364929,"1000",4,8,2013-02-11,31,722.44691943128,0.072244691943128
"4-8",23.3047393364929,"1000",4,8,2013-04-15,226,5266.87109004739,0.526687109004739
"4-8",23.3047393364929,"1000",4,8,2013-05-13,231,5383.39478672986,0.538339478672986
"4-8",23.3047393364929,"1000",4,8,2013-04-08,199,4637.64312796208,0.463764312796208
"4-8",23.3047393364929,"1000",4,8,2013-01-21,8,186.437914691943,0.0186437914691943
"4-8",23.3047393364929,"1000",4,8,2013-02-18,36,838.970616113744,0.0838970616113744
"4-8",23.3047393364929,"1000",4,8,2013-04-22,221,5150.34739336493,0.515034739336493
"4-8",23.3047393364929,"1000",4,8,2013-02-25,42,978.799052132701,0.0978799052132701
"4-8",23.3047393364929,"1000",4,8,2013-03-18,89,2074.12180094787,0.207412180094787
"4-8",23.3047393364929,"1000",4,8,2013-03-11,68,1584.72227488152,0.158472227488152
"4-8",23.3047393364929,"1000",4,8,2013-01-29,17,396.180568720379,0.0396180568720379
"4-8",23.3047393364929,"1000",4,8,2013-05-21,233,5430.00426540284,0.543000426540284
"4-8",23.3047393364929,"1000",4,8,2013-04-29,226,5266.87109004739,0.526687109004739
"4-8",23.3047393364929,"1000",4,8,2013-04-02,147,3425.79668246445,0.342579668246445
"5-2",12.8625,"25",5,2,2013-05-06,28,360.15,0.036015
"5-2",12.8625,"25",5,2,2013-01-29,15,192.9375,0.01929375
"5-2",12.8625,"25",5,2,2013-05-13,28,360.15,0.036015
"5-2",12.8625,"25",5,2,2013-04-02,44,565.95,0.056595
"5-2",12.8625,"25",5,2,2013-02-25,42,540.225,0.0540225
"5-2",12.8625,"25",5,2,2013-02-18,44,565.95,0.056595
"5-2",12.8625,"25",5,2,2013-03-18,47,604.5375,0.06045375
"5-2",12.8625,"25",5,2,2013-01-21,7,90.0375,0.00900375
"5-2",12.8625,"25",5,2,2013-02-03,33,424.4625,0.04244625
"5-2",12.8625,"25",5,2,2013-03-11,45,578.8125,0.05788125
"5-2",12.8625,"25",5,2,2013-05-21,28,360.15,0.036015
"5-2",12.8625,"25",5,2,2013-04-15,36,463.05,0.046305
"5-2",12.8625,"25",5,2,2013-03-04,46,591.675,0.0591675
"5-2",12.8625,"25",5,2,2013-03-25,44,565.95,0.056595
"5-2",12.8625,"25",5,2,2013-04-08,43,553.0875,0.05530875
"5-2",12.8625,"25",5,2,2013-04-22,31,398.7375,0.03987375
"5-2",12.8625,"25",5,2,2013-04-29,29,373.0125,0.03730125
"5-2",12.8625,"25",5,2,2013-02-11,42,540.225,0.0540225
"5-3",6.56538461538462,"10",5,3,2013-05-06,38,249.484615384615,0.0249484615384615
"5-3",6.56538461538462,"10",5,3,2013-02-03,39,256.05,0.025605
"5-3",6.56538461538462,"10",5,3,2013-02-18,58,380.792307692308,0.0380792307692308
"5-3",6.56538461538462,"10",5,3,2013-03-11,69,453.011538461538,0.0453011538461538
"5-3",6.56538461538462,"10",5,3,2013-05-13,38,249.484615384615,0.0249484615384615
"5-3",6.56538461538462,"10",5,3,2013-04-08,69,453.011538461538,0.0453011538461538
"5-3",6.56538461538462,"10",5,3,2013-05-21,39,256.05,0.025605
"5-3",6.56538461538462,"10",5,3,2013-02-11,52,341.4,0.03414
"5-3",6.56538461538462,"10",5,3,2013-02-25,59,387.357692307692,0.0387357692307692
"5-3",6.56538461538462,"10",5,3,2013-04-15,67,439.880769230769,0.0439880769230769
"5-3",6.56538461538462,"10",5,3,2013-03-25,72,472.707692307692,0.0472707692307692
"5-3",6.56538461538462,"10",5,3,2013-04-02,71,466.142307692308,0.0466142307692308
"5-3",6.56538461538462,"10",5,3,2013-01-29,15,98.4807692307692,0.00984807692307692
"5-3",6.56538461538462,"10",5,3,2013-04-29,44,288.876923076923,0.0288876923076923
"5-3",6.56538461538462,"10",5,3,2013-03-04,68,446.446153846154,0.0446446153846154
"5-3",6.56538461538462,"10",5,3,2013-04-22,47,308.573076923077,0.0308573076923077
"5-3",6.56538461538462,"10",5,3,2013-01-21,13,85.35,0.008535
"5-3",6.56538461538462,"10",5,3,2013-03-18,69,453.011538461538,0.0453011538461538
"5-4",11.841935483871,"15",5,4,2013-02-18,48,568.412903225806,0.0568412903225806
"5-4",11.841935483871,"15",5,4,2013-04-29,44,521.045161290323,0.0521045161290323
"5-4",11.841935483871,"15",5,4,2013-02-03,34,402.625806451613,0.0402625806451613
"5-4",11.841935483871,"15",5,4,2013-04-22,41,485.51935483871,0.048551935483871
"5-4",11.841935483871,"15",5,4,2013-04-02,56,663.148387096774,0.0663148387096774
"5-4",11.841935483871,"15",5,4,2013-05-13,40,473.677419354839,0.0473677419354839
"5-4",11.841935483871,"15",5,4,2013-05-06,40,473.677419354839,0.0473677419354839
"5-4",11.841935483871,"15",5,4,2013-02-11,41,485.51935483871,0.048551935483871
"5-4",11.841935483871,"15",5,4,2013-03-11,47,556.570967741936,0.0556570967741936
"5-4",11.841935483871,"15",5,4,2013-05-21,41,485.51935483871,0.048551935483871
"5-4",11.841935483871,"15",5,4,2013-03-25,44,521.045161290323,0.0521045161290323
"5-4",11.841935483871,"15",5,4,2013-04-08,49,580.254838709677,0.0580254838709677
"5-4",11.841935483871,"15",5,4,2013-04-15,46,544.729032258065,0.0544729032258065
"5-4",11.841935483871,"15",5,4,2013-01-29,12,142.103225806452,0.0142103225806452
"5-4",11.841935483871,"15",5,4,2013-02-25,49,580.254838709677,0.0580254838709677
"5-4",11.841935483871,"15",5,4,2013-01-21,4,47.3677419354839,0.00473677419354839
"5-4",11.841935483871,"15",5,4,2013-03-04,43,509.203225806452,0.0509203225806452
"5-4",11.841935483871,"15",5,4,2013-03-18,41,485.51935483871,0.048551935483871
"5-5",8.35,"20",5,5,2013-03-11,46,384.1,0.03841
"5-5",8.35,"20",5,5,2013-04-02,47,392.45,0.039245
"5-5",8.35,"20",5,5,2013-01-21,8,66.8,0.00668
"5-5",8.35,"20",5,5,2013-02-25,35,292.25,0.029225
"5-5",8.35,"20",5,5,2013-02-03,35,292.25,0.029225
"5-5",8.35,"20",5,5,2013-05-21,36,300.6,0.03006
"5-5",8.35,"20",5,5,2013-05-06,38,317.3,0.03173
"5-5",8.35,"20",5,5,2013-04-15,43,359.05,0.035905
"5-5",8.35,"20",5,5,2013-01-29,16,133.6,0.01336
"5-5",8.35,"20",5,5,2013-04-08,47,392.45,0.039245
"5-5",8.35,"20",5,5,2013-04-29,41,342.35,0.034235
"5-5",8.35,"20",5,5,2013-02-18,43,359.05,0.035905
"5-5",8.35,"20",5,5,2013-03-04,43,359.05,0.035905
"5-5",8.35,"20",5,5,2013-04-22,44,367.4,0.03674
"5-5",8.35,"20",5,5,2013-02-11,37,308.95,0.030895
"5-5",8.35,"20",5,5,2013-03-25,43,359.05,0.035905
"5-5",8.35,"20",5,5,2013-03-18,47,392.45,0.039245
"5-5",8.35,"20",5,5,2013-05-13,38,317.3,0.03173
"5-6",24.2456928838951,"1000",5,6,2013-04-02,199,4824.89288389513,0.482489288389513
"5-6",24.2456928838951,"1000",5,6,2013-04-15,254,6158.40599250936,0.615840599250936
"5-6",24.2456928838951,"1000",5,6,2013-05-13,288,6982.7595505618,0.69827595505618
"5-6",24.2456928838951,"1000",5,6,2013-04-22,300,7273.70786516854,0.727370786516854
"5-6",24.2456928838951,"1000",5,6,2013-04-29,302,7322.19925093633,0.732219925093633
"5-6",24.2456928838951,"1000",5,6,2013-05-21,314,7613.14756554307,0.761314756554307
"5-6",24.2456928838951,"1000",5,6,2013-02-11,46,1115.30187265918,0.111530187265918
"5-6",24.2456928838951,"1000",5,6,2013-01-21,7,169.719850187266,0.0169719850187266
"5-6",24.2456928838951,"1000",5,6,2013-01-29,18,436.422471910112,0.0436422471910112
"5-6",24.2456928838951,"1000",5,6,2013-03-18,148,3588.36254681648,0.358836254681648
"5-6",24.2456928838951,"1000",5,6,2013-04-08,206,4994.6127340824,0.49946127340824
"5-6",24.2456928838951,"1000",5,6,2013-05-06,300,7273.70786516854,0.727370786516854
"5-6",24.2456928838951,"1000",5,6,2013-02-18,53,1285.02172284644,0.128502172284644
"5-6",24.2456928838951,"1000",5,6,2013-03-25,156,3782.32808988764,0.378232808988764
"5-6",24.2456928838951,"1000",5,6,2013-03-04,77,1866.91835205993,0.186691835205993
"5-6",24.2456928838951,"1000",5,6,2013-02-03,23,557.650936329588,0.0557650936329588
"5-6",24.2456928838951,"1000",5,6,2013-02-25,58,1406.25018726592,0.140625018726592
"5-6",24.2456928838951,"1000",5,6,2013-03-11,118,2860.99176029963,0.286099176029963
"5-7",19.2177419354839,"35",5,7,2013-04-22,88,1691.16129032258,0.169116129032258
"5-7",19.2177419354839,"35",5,7,2013-04-15,91,1748.81451612903,0.174881451612903
"5-7",19.2177419354839,"35",5,7,2013-04-29,84,1614.29032258065,0.161429032258065
"5-7",19.2177419354839,"35",5,7,2013-05-21,75,1441.33064516129,0.144133064516129
"5-7",19.2177419354839,"35",5,7,2013-05-06,77,1479.76612903226,0.147976612903226
"5-7",19.2177419354839,"35",5,7,2013-02-03,10,192.177419354839,0.0192177419354839
"5-7",19.2177419354839,"35",5,7,2013-01-21,3,57.6532258064516,0.00576532258064516
"5-7",19.2177419354839,"35",5,7,2013-01-29,10,192.177419354839,0.0192177419354839
"5-7",19.2177419354839,"35",5,7,2013-04-08,94,1806.46774193548,0.180646774193548
"5-7",19.2177419354839,"35",5,7,2013-04-02,100,1921.77419354839,0.192177419354839
"5-7",19.2177419354839,"35",5,7,2013-02-18,56,1076.1935483871,0.10761935483871
"5-7",19.2177419354839,"35",5,7,2013-03-25,93,1787.25,0.178725
"5-7",19.2177419354839,"35",5,7,2013-03-04,70,1345.24193548387,0.134524193548387
"5-7",19.2177419354839,"35",5,7,2013-05-13,76,1460.54838709677,0.146054838709677
"5-7",19.2177419354839,"35",5,7,2013-02-11,40,768.709677419355,0.0768709677419355
"5-7",19.2177419354839,"35",5,7,2013-02-25,65,1249.15322580645,0.124915322580645
"5-7",19.2177419354839,"35",5,7,2013-03-18,86,1652.72580645161,0.165272580645161
"5-7",19.2177419354839,"35",5,7,2013-03-11,74,1422.11290322581,0.142211290322581
"5-8",10.1714285714286,"5",5,8,2013-04-22,13,132.228571428571,0.0132228571428571
"5-8",10.1714285714286,"5",5,8,2013-05-06,12,122.057142857143,0.0122057142857143
"5-8",10.1714285714286,"5",5,8,2013-02-18,18,183.085714285714,0.0183085714285714
"5-8",10.1714285714286,"5",5,8,2013-04-02,28,284.8,0.02848
"5-8",10.1714285714286,"5",5,8,2013-02-25,23,233.942857142857,0.0233942857142857
"5-8",10.1714285714286,"5",5,8,2013-03-18,28,284.8,0.02848
"5-8",10.1714285714286,"5",5,8,2013-01-29,16,162.742857142857,0.0162742857142857
"5-8",10.1714285714286,"5",5,8,2013-01-21,6,61.0285714285714,0.00610285714285714
"5-8",10.1714285714286,"5",5,8,2013-04-08,24,244.114285714286,0.0244114285714286
"5-8",10.1714285714286,"5",5,8,2013-04-15,16,162.742857142857,0.0162742857142857
"5-8",10.1714285714286,"5",5,8,2013-03-04,26,264.457142857143,0.0264457142857143
"5-8",10.1714285714286,"5",5,8,2013-03-11,31,315.314285714286,0.0315314285714286
"5-8",10.1714285714286,"5",5,8,2013-02-03,14,142.4,0.01424
"5-8",10.1714285714286,"5",5,8,2013-04-29,13,132.228571428571,0.0132228571428571
"5-8",10.1714285714286,"5",5,8,2013-05-21,13,132.228571428571,0.0132228571428571
"5-8",10.1714285714286,"5",5,8,2013-02-11,15,152.571428571429,0.0152571428571429
"5-8",10.1714285714286,"5",5,8,2013-05-13,11,111.885714285714,0.0111885714285714
"5-8",10.1714285714286,"5",5,8,2013-03-25,26,264.457142857143,0.0264457142857143
"6-1",20.1217391304348,"35",6,1,2013-05-21,74,1489.00869565217,0.148900869565217
"6-1",20.1217391304348,"35",6,1,2013-05-06,69,1388.4,0.13884
"6-1",20.1217391304348,"35",6,1,2013-04-29,78,1569.49565217391,0.156949565217391
"6-1",20.1217391304348,"35",6,1,2013-04-22,81,1629.86086956522,0.162986086956522
"6-1",20.1217391304348,"35",6,1,2013-02-18,47,945.721739130435,0.0945721739130435
"6-1",20.1217391304348,"35",6,1,2013-02-11,37,744.504347826087,0.0744504347826087
"6-1",20.1217391304348,"35",6,1,2013-04-15,83,1670.10434782609,0.167010434782609
"6-1",20.1217391304348,"35",6,1,2013-05-13,71,1428.64347826087,0.142864347826087
"6-1",20.1217391304348,"35",6,1,2013-03-04,62,1247.54782608696,0.124754782608696
"6-1",20.1217391304348,"35",6,1,2013-04-02,88,1770.71304347826,0.177071304347826
"6-1",20.1217391304348,"35",6,1,2013-03-25,88,1770.71304347826,0.177071304347826
"6-1",20.1217391304348,"35",6,1,2013-02-25,39,784.747826086956,0.0784747826086956
"6-1",20.1217391304348,"35",6,1,2013-03-11,70,1408.52173913043,0.140852173913043
"6-1",20.1217391304348,"35",6,1,2013-04-08,87,1750.59130434783,0.175059130434783
"6-1",20.1217391304348,"35",6,1,2013-02-03,31,623.773913043478,0.0623773913043478
"6-1",20.1217391304348,"35",6,1,2013-01-29,17,342.069565217391,0.0342069565217391
"6-1",20.1217391304348,"35",6,1,2013-01-21,7,140.852173913043,0.0140852173913043
"6-1",20.1217391304348,"35",6,1,2013-03-18,77,1549.37391304348,0.154937391304348
"6-3",9.11025641025641,"5",6,3,2013-05-06,49,446.402564102564,0.0446402564102564
"6-3",9.11025641025641,"5",6,3,2013-03-25,73,665.048717948718,0.0665048717948718
"6-3",9.11025641025641,"5",6,3,2013-02-18,79,719.710256410256,0.0719710256410256
"6-3",9.11025641025641,"5",6,3,2013-04-02,71,646.828205128205,0.0646828205128205
"6-3",9.11025641025641,"5",6,3,2013-05-21,48,437.292307692308,0.0437292307692308
"6-3",9.11025641025641,"5",6,3,2013-02-03,42,382.630769230769,0.0382630769230769
"6-3",9.11025641025641,"5",6,3,2013-02-25,82,747.041025641026,0.0747041025641026
"6-3",9.11025641025641,"5",6,3,2013-04-29,53,482.84358974359,0.048284358974359
"6-3",9.11025641025641,"5",6,3,2013-03-04,75,683.269230769231,0.0683269230769231
"6-3",9.11025641025641,"5",6,3,2013-01-21,10,91.1025641025641,0.00911025641025641
"6-3",9.11025641025641,"5",6,3,2013-03-18,74,674.158974358974,0.0674158974358974
"6-3",9.11025641025641,"5",6,3,2013-03-11,71,646.828205128205,0.0646828205128205
"6-3",9.11025641025641,"5",6,3,2013-04-08,69,628.607692307692,0.0628607692307692
"6-3",9.11025641025641,"5",6,3,2013-02-11,65,592.166666666667,0.0592166666666667
"6-3",9.11025641025641,"5",6,3,2013-04-15,59,537.505128205128,0.0537505128205128
"6-3",9.11025641025641,"5",6,3,2013-05-13,40,364.410256410256,0.0364410256410256
"6-3",9.11025641025641,"5",6,3,2013-04-22,57,519.284615384615,0.0519284615384615
"6-3",9.11025641025641,"5",6,3,2013-01-29,14,127.54358974359,0.012754358974359
"6-4",12.4848484848485,"20",6,4,2013-04-29,43,536.848484848485,0.0536848484848485
"6-4",12.4848484848485,"20",6,4,2013-04-22,47,586.787878787879,0.0586787878787879
"6-4",12.4848484848485,"20",6,4,2013-02-03,27,337.090909090909,0.0337090909090909
"6-4",12.4848484848485,"20",6,4,2013-05-06,42,524.363636363636,0.0524363636363636
"6-4",12.4848484848485,"20",6,4,2013-05-21,39,486.909090909091,0.0486909090909091
"6-4",12.4848484848485,"20",6,4,2013-03-11,39,486.909090909091,0.0486909090909091
"6-4",12.4848484848485,"20",6,4,2013-04-15,43,536.848484848485,0.0536848484848485
"6-4",12.4848484848485,"20",6,4,2013-03-18,38,474.424242424242,0.0474424242424242
"6-4",12.4848484848485,"20",6,4,2013-05-13,41,511.878787878788,0.0511878787878788
"6-4",12.4848484848485,"20",6,4,2013-03-04,37,461.939393939394,0.0461939393939394
"6-4",12.4848484848485,"20",6,4,2013-02-25,37,461.939393939394,0.0461939393939394
"6-4",12.4848484848485,"20",6,4,2013-04-08,39,486.909090909091,0.0486909090909091
"6-4",12.4848484848485,"20",6,4,2013-03-25,39,486.909090909091,0.0486909090909091
"6-4",12.4848484848485,"20",6,4,2013-02-18,33,412,0.0412
"6-4",12.4848484848485,"20",6,4,2013-04-02,35,436.969696969697,0.0436969696969697
"6-4",12.4848484848485,"20",6,4,2013-01-29,16,199.757575757576,0.0199757575757576
"6-4",12.4848484848485,"20",6,4,2013-02-11,33,412,0.0412
"6-4",12.4848484848485,"20",6,4,2013-01-21,6,74.9090909090909,0.00749090909090909
"6-5",7.52857142857143,"10",6,5,2013-03-25,60,451.714285714286,0.0451714285714286
"6-5",7.52857142857143,"10",6,5,2013-04-29,44,331.257142857143,0.0331257142857143
"6-5",7.52857142857143,"10",6,5,2013-03-11,66,496.885714285714,0.0496885714285714
"6-5",7.52857142857143,"10",6,5,2013-04-08,58,436.657142857143,0.0436657142857143
"6-5",7.52857142857143,"10",6,5,2013-04-22,45,338.785714285714,0.0338785714285714
"6-5",7.52857142857143,"10",6,5,2013-02-18,70,527,0.0527
"6-5",7.52857142857143,"10",6,5,2013-02-11,58,436.657142857143,0.0436657142857143
"6-5",7.52857142857143,"10",6,5,2013-01-21,6,45.1714285714286,0.00451714285714286
"6-5",7.52857142857143,"10",6,5,2013-04-02,62,466.771428571429,0.0466771428571429
"6-5",7.52857142857143,"10",6,5,2013-01-29,11,82.8142857142857,0.00828142857142857
"6-5",7.52857142857143,"10",6,5,2013-02-03,26,195.742857142857,0.0195742857142857
"6-5",7.52857142857143,"10",6,5,2013-03-04,71,534.528571428571,0.0534528571428571
"6-5",7.52857142857143,"10",6,5,2013-04-15,52,391.485714285714,0.0391485714285714
"6-5",7.52857142857143,"10",6,5,2013-05-06,46,346.314285714286,0.0346314285714286
"6-5",7.52857142857143,"10",6,5,2013-05-21,41,308.671428571429,0.0308671428571429
"6-5",7.52857142857143,"10",6,5,2013-02-25,64,481.828571428571,0.0481828571428571
"6-5",7.52857142857143,"10",6,5,2013-03-18,60,451.714285714286,0.0451714285714286
"6-5",7.52857142857143,"10",6,5,2013-05-13,46,346.314285714286,0.0346314285714286
"6-6",12.1783783783784,"15",6,6,2013-03-25,65,791.594594594595,0.0791594594594595
"6-6",12.1783783783784,"15",6,6,2013-03-11,57,694.167567567568,0.0694167567567568
"6-6",12.1783783783784,"15",6,6,2013-04-22,46,560.205405405405,0.0560205405405406
"6-6",12.1783783783784,"15",6,6,2013-03-04,64,779.416216216216,0.0779416216216216
"6-6",12.1783783783784,"15",6,6,2013-04-15,51,621.097297297297,0.0621097297297297
"6-6",12.1783783783784,"15",6,6,2013-02-18,52,633.275675675676,0.0633275675675676
"6-6",12.1783783783784,"15",6,6,2013-02-11,44,535.848648648649,0.0535848648648649
"6-6",12.1783783783784,"15",6,6,2013-02-03,24,292.281081081081,0.0292281081081081
"6-6",12.1783783783784,"15",6,6,2013-02-25,46,560.205405405405,0.0560205405405406
"6-6",12.1783783783784,"15",6,6,2013-04-08,61,742.881081081081,0.0742881081081081
"6-6",12.1783783783784,"15",6,6,2013-05-13,40,487.135135135135,0.0487135135135135
"6-6",12.1783783783784,"15",6,6,2013-05-06,39,474.956756756757,0.0474956756756757
"6-6",12.1783783783784,"15",6,6,2013-01-21,13,158.318918918919,0.0158318918918919
"6-6",12.1783783783784,"15",6,6,2013-05-21,41,499.313513513514,0.0499313513513514
"6-6",12.1783783783784,"15",6,6,2013-01-29,25,304.459459459459,0.0304459459459459
"6-6",12.1783783783784,"15",6,6,2013-03-18,63,767.237837837838,0.0767237837837838
"6-6",12.1783783783784,"15",6,6,2013-04-29,43,523.67027027027,0.052367027027027
"6-6",12.1783783783784,"15",6,6,2013-04-02,63,767.237837837838,0.0767237837837838
"6-7",7.14150943396226,"25",6,7,2013-03-25,56,399.924528301887,0.0399924528301887
"6-7",7.14150943396226,"25",6,7,2013-02-03,32,228.528301886792,0.0228528301886792
"6-7",7.14150943396226,"25",6,7,2013-02-11,46,328.509433962264,0.0328509433962264
"6-7",7.14150943396226,"25",6,7,2013-04-08,65,464.198113207547,0.0464198113207547
"6-7",7.14150943396226,"25",6,7,2013-02-18,60,428.490566037736,0.0428490566037736
"6-7",7.14150943396226,"25",6,7,2013-03-18,57,407.066037735849,0.0407066037735849
"6-7",7.14150943396226,"25",6,7,2013-03-11,56,399.924528301887,0.0399924528301887
"6-7",7.14150943396226,"25",6,7,2013-04-15,63,449.915094339623,0.0449915094339623
"6-7",7.14150943396226,"25",6,7,2013-05-13,64,457.056603773585,0.0457056603773585
"6-7",7.14150943396226,"25",6,7,2013-03-04,64,457.056603773585,0.0457056603773585
"6-7",7.14150943396226,"25",6,7,2013-02-25,64,457.056603773585,0.0457056603773585
"6-7",7.14150943396226,"25",6,7,2013-04-29,63,449.915094339623,0.0449915094339623
"6-7",7.14150943396226,"25",6,7,2013-01-21,12,85.6981132075472,0.00856981132075472
"6-7",7.14150943396226,"25",6,7,2013-04-22,65,464.198113207547,0.0464198113207547
"6-7",7.14150943396226,"25",6,7,2013-04-02,69,492.764150943396,0.0492764150943396
"6-7",7.14150943396226,"25",6,7,2013-05-06,62,442.77358490566,0.044277358490566
"6-7",7.14150943396226,"25",6,7,2013-05-21,62,442.77358490566,0.044277358490566
"6-7",7.14150943396226,"25",6,7,2013-01-29,24,171.396226415094,0.0171396226415094
"6-8",16.16,"1000",6,8,2013-03-25,140,2262.4,0.22624
"6-8",16.16,"1000",6,8,2013-02-18,64,1034.24,0.103424
"6-8",16.16,"1000",6,8,2013-04-08,200,3232,0.3232
"6-8",16.16,"1000",6,8,2013-04-02,174,2811.84,0.281184
"6-8",16.16,"1000",6,8,2013-03-04,80,1292.8,0.12928
"6-8",16.16,"1000",6,8,2013-05-06,197,3183.52,0.318352
"6-8",16.16,"1000",6,8,2013-02-03,15,242.4,0.02424
"6-8",16.16,"1000",6,8,2013-04-15,206,3328.96,0.332896
"6-8",16.16,"1000",6,8,2013-02-25,74,1195.84,0.119584
"6-8",16.16,"1000",6,8,2013-03-11,103,1664.48,0.166448
"6-8",16.16,"1000",6,8,2013-02-11,27,436.32,0.043632
"6-8",16.16,"1000",6,8,2013-04-29,197,3183.52,0.318352
"6-8",16.16,"1000",6,8,2013-04-22,202,3264.32,0.326432
"6-8",16.16,"1000",6,8,2013-03-18,124,2003.84,0.200384
"6-8",16.16,"1000",6,8,2013-05-13,187,3021.92,0.302192
"6-8",16.16,"1000",6,8,2013-01-29,16,258.56,0.025856
"6-8",16.16,"1000",6,8,2013-05-21,185,2989.6,0.29896
"6-8",16.16,"1000",6,8,2013-01-21,6,96.96,0.009696
"7-1",11.0881355932203,"15",7,1,2013-05-06,71,787.257627118644,0.0787257627118644
"7-1",11.0881355932203,"15",7,1,2013-05-13,65,720.728813559322,0.0720728813559322
"7-1",11.0881355932203,"15",7,1,2013-02-03,29,321.55593220339,0.032155593220339
"7-1",11.0881355932203,"15",7,1,2013-01-21,9,99.7932203389831,0.00997932203389831
"7-1",11.0881355932203,"15",7,1,2013-03-11,79,875.962711864407,0.0875962711864407
"7-1",11.0881355932203,"15",7,1,2013-04-22,74,820.522033898305,0.0820522033898305
"7-1",11.0881355932203,"15",7,1,2013-02-18,44,487.877966101695,0.0487877966101695
"7-1",11.0881355932203,"15",7,1,2013-02-25,58,643.11186440678,0.064311186440678
"7-1",11.0881355932203,"15",7,1,2013-04-08,80,887.050847457627,0.0887050847457627
"7-1",11.0881355932203,"15",7,1,2013-04-29,74,820.522033898305,0.0820522033898305
"7-1",11.0881355932203,"15",7,1,2013-03-18,71,787.257627118644,0.0787257627118644
"7-1",11.0881355932203,"15",7,1,2013-04-02,87,964.66779661017,0.096466779661017
"7-1",11.0881355932203,"15",7,1,2013-02-11,44,487.877966101695,0.0487877966101695
"7-1",11.0881355932203,"15",7,1,2013-03-25,91,1009.02033898305,0.100902033898305
"7-1",11.0881355932203,"15",7,1,2013-04-15,77,853.786440677966,0.0853786440677966
"7-1",11.0881355932203,"15",7,1,2013-01-29,13,144.145762711864,0.0144145762711864
"7-1",11.0881355932203,"15",7,1,2013-03-04,62,687.464406779661,0.0687464406779661
"7-1",11.0881355932203,"15",7,1,2013-05-21,60,665.28813559322,0.066528813559322
"7-2",20.1652173913043,"1000",7,2,2013-02-25,47,947.765217391304,0.0947765217391304
"7-2",20.1652173913043,"1000",7,2,2013-03-11,60,1209.91304347826,0.120991304347826
"7-2",20.1652173913043,"1000",7,2,2013-01-21,8,161.321739130435,0.0161321739130435
"7-2",20.1652173913043,"1000",7,2,2013-04-29,138,2782.8,0.27828
"7-2",20.1652173913043,"1000",7,2,2013-04-02,125,2520.65217391304,0.252065217391304
"7-2",20.1652173913043,"1000",7,2,2013-02-11,33,665.452173913044,0.0665452173913044
"7-2",20.1652173913043,"1000",7,2,2013-01-29,16,322.64347826087,0.032264347826087
"7-2",20.1652173913043,"1000",7,2,2013-04-08,126,2540.81739130435,0.254081739130435
"7-2",20.1652173913043,"1000",7,2,2013-05-13,151,3044.94782608696,0.304494782608696
"7-2",20.1652173913043,"1000",7,2,2013-02-03,27,544.460869565217,0.0544460869565217
"7-2",20.1652173913043,"1000",7,2,2013-03-18,59,1189.74782608696,0.118974782608696
"7-2",20.1652173913043,"1000",7,2,2013-05-06,143,2883.62608695652,0.288362608695652
"7-2",20.1652173913043,"1000",7,2,2013-02-18,41,826.773913043478,0.0826773913043478
"7-2",20.1652173913043,"1000",7,2,2013-04-15,127,2560.98260869565,0.256098260869565
"7-2",20.1652173913043,"1000",7,2,2013-04-22,136,2742.46956521739,0.274246956521739
"7-2",20.1652173913043,"1000",7,2,2013-05-21,160,3226.4347826087,0.32264347826087
"7-2",20.1652173913043,"1000",7,2,2013-03-04,52,1048.59130434783,0.104859130434783
"7-2",20.1652173913043,"1000",7,2,2013-03-25,88,1774.53913043478,0.177453913043478
"7-3",5.40581395348837,"25",7,3,2013-01-21,7,37.8406976744186,0.00378406976744186
"7-3",5.40581395348837,"25",7,3,2013-04-22,111,600.045348837209,0.0600045348837209
"7-3",5.40581395348837,"25",7,3,2013-01-29,12,64.8697674418605,0.00648697674418605
"7-3",5.40581395348837,"25",7,3,2013-03-04,75,405.436046511628,0.0405436046511628
"7-3",5.40581395348837,"25",7,3,2013-05-21,95,513.552325581395,0.0513552325581395
"7-3",5.40581395348837,"25",7,3,2013-03-25,88,475.711627906977,0.0475711627906977
"7-3",5.40581395348837,"25",7,3,2013-02-18,71,383.812790697674,0.0383812790697674
"7-3",5.40581395348837,"25",7,3,2013-03-18,77,416.247674418605,0.0416247674418605
"7-3",5.40581395348837,"25",7,3,2013-04-29,106,573.016279069767,0.0573016279069767
"7-3",5.40581395348837,"25",7,3,2013-05-13,100,540.581395348837,0.0540581395348837
"7-3",5.40581395348837,"25",7,3,2013-02-03,30,162.174418604651,0.0162174418604651
"7-3",5.40581395348837,"25",7,3,2013-02-11,61,329.754651162791,0.0329754651162791
"7-3",5.40581395348837,"25",7,3,2013-04-02,106,573.016279069767,0.0573016279069767
"7-3",5.40581395348837,"25",7,3,2013-02-25,78,421.653488372093,0.0421653488372093
"7-3",5.40581395348837,"25",7,3,2013-04-08,115,621.668604651163,0.0621668604651163
"7-3",5.40581395348837,"25",7,3,2013-03-11,72,389.218604651163,0.0389218604651163
"7-3",5.40581395348837,"25",7,3,2013-04-15,116,627.074418604651,0.0627074418604651
"7-3",5.40581395348837,"25",7,3,2013-05-06,94,508.146511627907,0.0508146511627907
"7-4",6.48571428571428,"10",7,4,2013-05-13,37,239.971428571429,0.0239971428571429
"7-4",6.48571428571428,"10",7,4,2013-04-02,34,220.514285714286,0.0220514285714286
"7-4",6.48571428571428,"10",7,4,2013-04-29,41,265.914285714286,0.0265914285714286
"7-4",6.48571428571428,"10",7,4,2013-03-18,32,207.542857142857,0.0207542857142857
"7-4",6.48571428571428,"10",7,4,2013-03-25,31,201.057142857143,0.0201057142857143
"7-4",6.48571428571428,"10",7,4,2013-03-04,33,214.028571428571,0.0214028571428571
"7-4",6.48571428571428,"10",7,4,2013-02-11,25,162.142857142857,0.0162142857142857
"7-4",6.48571428571428,"10",7,4,2013-04-22,44,285.371428571429,0.0285371428571429
"7-4",6.48571428571428,"10",7,4,2013-05-21,34,220.514285714286,0.0220514285714286
"7-4",6.48571428571428,"10",7,4,2013-02-03,23,149.171428571429,0.0149171428571429
"7-4",6.48571428571428,"10",7,4,2013-01-21,9,58.3714285714286,0.00583714285714286
"7-4",6.48571428571428,"10",7,4,2013-04-08,44,285.371428571429,0.0285371428571429
"7-4",6.48571428571428,"10",7,4,2013-02-18,29,188.085714285714,0.0188085714285714
"7-4",6.48571428571428,"10",7,4,2013-04-15,47,304.828571428571,0.0304828571428571
"7-4",6.48571428571428,"10",7,4,2013-02-25,34,220.514285714286,0.0220514285714286
"7-4",6.48571428571428,"10",7,4,2013-01-29,21,136.2,0.01362
"7-4",6.48571428571428,"10",7,4,2013-03-11,32,207.542857142857,0.0207542857142857
"7-4",6.48571428571428,"10",7,4,2013-05-06,39,252.942857142857,0.0252942857142857
"7-5",9.68085106382979,"20",7,5,2013-03-04,50,484.042553191489,0.0484042553191489
"7-5",9.68085106382979,"20",7,5,2013-01-29,31,300.106382978723,0.0300106382978723
"7-5",9.68085106382979,"20",7,5,2013-05-13,57,551.808510638298,0.0551808510638298
"7-5",9.68085106382979,"20",7,5,2013-04-29,57,551.808510638298,0.0551808510638298
"7-5",9.68085106382979,"20",7,5,2013-04-15,54,522.765957446808,0.0522765957446808
"7-5",9.68085106382979,"20",7,5,2013-02-03,42,406.595744680851,0.0406595744680851
"7-5",9.68085106382979,"20",7,5,2013-02-25,50,484.042553191489,0.0484042553191489
"7-5",9.68085106382979,"20",7,5,2013-04-08,56,542.127659574468,0.0542127659574468
"7-5",9.68085106382979,"20",7,5,2013-04-22,56,542.127659574468,0.0542127659574468
"7-5",9.68085106382979,"20",7,5,2013-05-06,58,561.489361702128,0.0561489361702128
"7-5",9.68085106382979,"20",7,5,2013-04-02,50,484.042553191489,0.0484042553191489
"7-5",9.68085106382979,"20",7,5,2013-03-11,48,464.68085106383,0.046468085106383
"7-5",9.68085106382979,"20",7,5,2013-03-18,50,484.042553191489,0.0484042553191489
"7-5",9.68085106382979,"20",7,5,2013-02-11,44,425.957446808511,0.0425957446808511
"7-5",9.68085106382979,"20",7,5,2013-02-18,52,503.404255319149,0.0503404255319149
"7-5",9.68085106382979,"20",7,5,2013-05-21,58,561.489361702128,0.0561489361702128
"7-5",9.68085106382979,"20",7,5,2013-01-21,9,87.1276595744681,0.00871276595744681
"7-5",9.68085106382979,"20",7,5,2013-03-25,48,464.68085106383,0.046468085106383
"7-6",6.87647058823529,"5",7,6,2013-05-13,23,158.158823529412,0.0158158823529412
"7-6",6.87647058823529,"5",7,6,2013-04-22,27,185.664705882353,0.0185664705882353
"7-6",6.87647058823529,"5",7,6,2013-02-25,50,343.823529411765,0.0343823529411765
"7-6",6.87647058823529,"5",7,6,2013-05-21,20,137.529411764706,0.0137529411764706
"7-6",6.87647058823529,"5",7,6,2013-05-06,22,151.282352941176,0.0151282352941176
"7-6",6.87647058823529,"5",7,6,2013-02-18,66,453.847058823529,0.0453847058823529
"7-6",6.87647058823529,"5",7,6,2013-02-03,37,254.429411764706,0.0254429411764706
"7-6",6.87647058823529,"5",7,6,2013-04-15,28,192.541176470588,0.0192541176470588
"7-6",6.87647058823529,"5",7,6,2013-04-02,45,309.441176470588,0.0309441176470588
"7-6",6.87647058823529,"5",7,6,2013-01-29,25,171.911764705882,0.0171911764705882
"7-6",6.87647058823529,"5",7,6,2013-03-11,49,336.947058823529,0.0336947058823529
"7-6",6.87647058823529,"5",7,6,2013-04-08,35,240.676470588235,0.0240676470588235
"7-6",6.87647058823529,"5",7,6,2013-04-29,24,165.035294117647,0.0165035294117647
"7-6",6.87647058823529,"5",7,6,2013-02-11,44,302.564705882353,0.0302564705882353
"7-6",6.87647058823529,"5",7,6,2013-03-25,46,316.317647058824,0.0316317647058824
"7-6",6.87647058823529,"5",7,6,2013-03-18,53,364.452941176471,0.0364452941176471
"7-6",6.87647058823529,"5",7,6,2013-01-21,12,82.5176470588235,0.00825176470588235
"7-6",6.87647058823529,"5",7,6,2013-03-04,52,357.576470588235,0.0357576470588235
"7-8",13.9738461538462,"35",7,8,2013-03-18,105,1467.25384615385,0.146725384615385
"7-8",13.9738461538462,"35",7,8,2013-02-18,67,936.247692307692,0.0936247692307692
"7-8",13.9738461538462,"35",7,8,2013-05-13,74,1034.06461538462,0.103406461538462
"7-8",13.9738461538462,"35",7,8,2013-04-22,83,1159.82923076923,0.115982923076923
"7-8",13.9738461538462,"35",7,8,2013-04-29,76,1062.01230769231,0.106201230769231
"7-8",13.9738461538462,"35",7,8,2013-03-25,102,1425.33230769231,0.142533230769231
"7-8",13.9738461538462,"35",7,8,2013-01-21,6,83.8430769230769,0.00838430769230769
"7-8",13.9738461538462,"35",7,8,2013-01-29,13,181.66,0.018166
"7-8",13.9738461538462,"35",7,8,2013-02-03,30,419.215384615385,0.0419215384615385
"7-8",13.9738461538462,"35",7,8,2013-04-08,98,1369.43692307692,0.136943692307692
"7-8",13.9738461538462,"35",7,8,2013-02-25,76,1062.01230769231,0.106201230769231
"7-8",13.9738461538462,"35",7,8,2013-03-11,80,1117.90769230769,0.111790769230769
"7-8",13.9738461538462,"35",7,8,2013-05-06,71,992.143076923077,0.0992143076923077
"7-8",13.9738461538462,"35",7,8,2013-04-02,105,1467.25384615385,0.146725384615385
"7-8",13.9738461538462,"35",7,8,2013-04-15,98,1369.43692307692,0.136943692307692
"7-8",13.9738461538462,"35",7,8,2013-03-04,65,908.3,0.09083
"7-8",13.9738461538462,"35",7,8,2013-02-11,46,642.796923076923,0.0642796923076923
"7-8",13.9738461538462,"35",7,8,2013-05-21,74,1034.06461538462,0.103406461538462
