"plant_id","M","totPARleaf","volume","LA","meanleafsize","stemdiam","leaflen","nleavesp","crownsurf"
"10nd",0.832657206767243,75.5158170343276,"15",2.98984659509729,26.766755551453,26.4,12.5726320501343,1117,6.88714466777219
"10nd",0.795574439303706,75.5158170343276,"20",2.98984659509729,26.766755551453,26.4,12.5726320501343,1117,6.88714466777219
"10nd",0.84895070772459,75.5158170343276,"10",2.98984659509729,26.766755551453,26.4,12.5726320501343,1117,6.88714466777219
"10nd",0.807517234129341,75.5158170343276,"25",2.98984659509729,26.766755551453,26.4,12.5726320501343,1117,6.88714466777219
"10nd",0.824328473015389,75.5158170343276,"35",2.98984659509729,26.766755551453,26.4,12.5726320501343,1117,6.88714466777219
"10nd",0.773543835044119,75.5158170343276,"5",2.98984659509729,26.766755551453,26.4,12.5726320501343,1117,6.88714466777219
"10nd",0.812008174392025,75.5158170343276,"free",2.98984659509729,26.766755551453,26.4,12.5726320501343,1117,6.88714466777219
"11nd",0.805506734238561,78.8790160467403,"10",3.5128912457921,36.9778025872853,24.9,12.0930421052632,950,6.77031288187175
"11nd",0.759684464758407,78.8790160467403,"25",3.5128912457921,36.9778025872853,24.9,12.0930421052632,950,6.77031288187175
"11nd",0.777300508138813,78.8790160467403,"35",3.5128912457921,36.9778025872853,24.9,12.0930421052632,950,6.77031288187175
"11nd",0.747740819440958,78.8790160467403,"20",3.5128912457921,36.9778025872853,24.9,12.0930421052632,950,6.77031288187175
"11nd",0.721709552881521,78.8790160467403,"5",3.5128912457921,36.9778025872853,24.9,12.0930421052632,950,6.77031288187175
"11nd",0.786445019857895,78.8790160467403,"15",3.5128912457921,36.9778025872853,24.9,12.0930421052632,950,6.77031288187175
"11nd",0.76518251052275,78.8790160467403,"free",3.5128912457921,36.9778025872853,24.9,12.0930421052632,950,6.77031288187175
"12nd",0.834276786824629,59.1300736409169,"15",2.42149664217408,33.4923463647867,28.4,12.9207053941909,723,6.51334011381377
"12nd",0.795647334496812,59.1300736409169,"20",2.42149664217408,33.4923463647867,28.4,12.9207053941909,723,6.51334011381377
"12nd",0.850492733838144,59.1300736409169,"10",2.42149664217408,33.4923463647867,28.4,12.9207053941909,723,6.51334011381377
"12nd",0.80833530391743,59.1300736409169,"25",2.42149664217408,33.4923463647867,28.4,12.9207053941909,723,6.51334011381377
"12nd",0.81275058363229,59.1300736409169,"free",2.42149664217408,33.4923463647867,28.4,12.9207053941909,723,6.51334011381377
"12nd",0.825812458929981,59.1300736409169,"35",2.42149664217408,33.4923463647867,28.4,12.9207053941909,723,6.51334011381377
"12nd",0.773626387383623,59.1300736409169,"5",2.42149664217408,33.4923463647867,28.4,12.9207053941909,723,6.51334011381377
"19d",0.871150301582167,48.1421600151189,"10",1.84380263187574,20.6472859112625,21.8,10.4218812989922,893,5.04318818024546
"19d",0.856256062051466,48.1421600151189,"15",1.84380263187574,20.6472859112625,21.8,10.4218812989922,893,5.04318818024546
"19d",0.848344456498755,48.1421600151189,"35",1.84380263187574,20.6472859112625,21.8,10.4218812989922,893,5.04318818024546
"19d",0.79908418353693,48.1421600151189,"5",1.84380263187574,20.6472859112625,21.8,10.4218812989922,893,5.04318818024546
"19d",0.83526017086763,48.1421600151189,"free",1.84380263187574,20.6472859112625,21.8,10.4218812989922,893,5.04318818024546
"19d",0.818711273626624,48.1421600151189,"20",1.84380263187574,20.6472859112625,21.8,10.4218812989922,893,5.04318818024546
"19d",0.831372262455259,48.1421600151189,"25",1.84380263187574,20.6472859112625,21.8,10.4218812989922,893,5.04318818024546
"20d",0.866055836553531,36.9710132353437,"25",1.27903478135727,23.8181523530217,17.6,11.8882867783985,537,6.10690283634987
"20d",0.881204869056666,36.9710132353437,"35",1.27903478135727,23.8181523530217,17.6,11.8882867783985,537,6.10690283634987
"20d",0.899600984948444,36.9710132353437,"10",1.27903478135727,23.8181523530217,17.6,11.8882867783985,537,6.10690283634987
"20d",0.887698886378979,36.9710132353437,"15",1.27903478135727,23.8181523530217,17.6,11.8882867783985,537,6.10690283634987
"20d",0.854040279220422,36.9710132353437,"20",1.27903478135727,23.8181523530217,17.6,11.8882867783985,537,6.10690283634987
"20d",0.838939049398292,36.9710132353437,"5",1.27903478135727,23.8181523530217,17.6,11.8882867783985,537,6.10690283634987
"20d",0.868938717867643,36.9710132353437,"free",1.27903478135727,23.8181523530217,17.6,11.8882867783985,537,6.10690283634987
"21d",0.796309616809601,42.1958065129425,"5",1.63029610710248,25.5532305188477,16.7,10.8306739811912,638,4.967405511205
"21d",0.854099732526015,42.1958065129425,"15",1.63029610710248,25.5532305188477,16.7,10.8306739811912,638,4.967405511205
"21d",0.846038862742069,42.1958065129425,"35",1.63029610710248,25.5532305188477,16.7,10.8306739811912,638,4.967405511205
"21d",0.816495895758683,42.1958065129425,"20",1.63029610710248,25.5532305188477,16.7,10.8306739811912,638,4.967405511205
"21d",0.869228037735576,42.1958065129425,"10",1.63029610710248,25.5532305188477,16.7,10.8306739811912,638,4.967405511205
"21d",0.833045576530186,42.1958065129425,"free",1.63029610710248,25.5532305188477,16.7,10.8306739811912,638,4.967405511205
"21d",0.829045713421184,42.1958065129425,"25",1.63029610710248,25.5532305188477,16.7,10.8306739811912,638,4.967405511205
"22nd",0.806168967110485,88.5222602651054,"10",4.23576192739368,32.1622014228829,24.9,13.8371753986333,1317,7.8254451374929
"22nd",0.785831725561422,88.5222602651054,"15",4.23576192739368,32.1622014228829,24.9,13.8371753986333,1317,7.8254451374929
"22nd",0.743044311169062,88.5222602651054,"20",4.23576192739368,32.1622014228829,24.9,13.8371753986333,1317,7.8254451374929
"22nd",0.756219714773735,88.5222602651054,"25",4.23576192739368,32.1622014228829,24.9,13.8371753986333,1317,7.8254451374929
"22nd",0.762027442705402,88.5222602651054,"free",4.23576192739368,32.1622014228829,24.9,13.8371753986333,1317,7.8254451374929
"22nd",0.775730198628486,88.5222602651054,"35",4.23576192739368,32.1622014228829,24.9,13.8371753986333,1317,7.8254451374929
"22nd",0.715167006960665,88.5222602651054,"5",4.23576192739368,32.1622014228829,24.9,13.8371753986333,1317,7.8254451374929
"23nd",0.833249493516165,66.0279486252193,"20",2.44929439357014,41.5839455614625,25.2,14.7446349745331,589,7.99964789019722
"23nd",0.815317308701089,66.0279486252193,"5",2.44929439357014,41.5839455614625,25.2,14.7446349745331,589,7.99964789019722
"23nd",0.883280652145077,66.0279486252193,"10",2.44929439357014,41.5839455614625,25.2,14.7446349745331,589,7.99964789019722
"23nd",0.869577025295035,66.0279486252193,"15",2.44929439357014,41.5839455614625,25.2,14.7446349745331,589,7.99964789019722
"23nd",0.862150341183922,66.0279486252193,"35",2.44929439357014,41.5839455614625,25.2,14.7446349745331,589,7.99964789019722
"23nd",0.845777385994524,66.0279486252193,"25",2.44929439357014,41.5839455614625,25.2,14.7446349745331,589,7.99964789019722
"23nd",0.849257727554628,66.0279486252193,"free",2.44929439357014,41.5839455614625,25.2,14.7446349745331,589,7.99964789019722
"24nd",0.752734054586887,78.7877019765899,"5",3.45494478177595,36.7156724949623,26.7,14.6442507970244,941,7.92760198030967
"24nd",0.809817726870622,78.7877019765899,"35",3.45494478177595,36.7156724949623,26.7,14.6442507970244,941,7.92760198030967
"24nd",0.837547819409935,78.7877019765899,"10",3.45494478177595,36.7156724949623,26.7,14.6442507970244,941,7.92760198030967
"24nd",0.81927146260473,78.7877019765899,"15",3.45494478177595,36.7156724949623,26.7,14.6442507970244,941,7.92760198030967
"24nd",0.795824612968523,78.7877019765899,"free",3.45494478177595,36.7156724949623,26.7,14.6442507970244,941,7.92760198030967
"24nd",0.777381971338931,78.7877019765899,"20",3.45494478177595,36.7156724949623,26.7,14.6442507970244,941,7.92760198030967
"24nd",0.790808410967293,78.7877019765899,"25",3.45494478177595,36.7156724949623,26.7,14.6442507970244,941,7.92760198030967
"31d",0.915190109754282,17.2260267937763,"10",0.537405037893262,18.9227126018754,12.7,9.3555985915493,284,2.82672601537978
"31d",0.877746842859817,17.2260267937763,"20",0.537405037893262,18.9227126018754,12.7,9.3555985915493,284,2.82672601537978
"31d",0.905484510167744,17.2260267937763,"15",0.537405037893262,18.9227126018754,12.7,9.3555985915493,284,2.82672601537978
"31d",0.890080128477764,17.2260267937763,"free",0.537405037893262,18.9227126018754,12.7,9.3555985915493,284,2.82672601537978
"31d",0.900140760199142,17.2260267937763,"35",0.537405037893262,18.9227126018754,12.7,9.3555985915493,284,2.82672601537978
"31d",0.887747513182016,17.2260267937763,"25",0.537405037893262,18.9227126018754,12.7,9.3555985915493,284,2.82672601537978
"31d",0.86535701869745,17.2260267937763,"5",0.537405037893262,18.9227126018754,12.7,9.3555985915493,284,2.82672601537978
"32d",0.836797520920934,40.8441768921439,"20",1.47443939315131,24.5331013835492,18.3,11.4258901830283,601,5.17107574717505
"32d",0.849114136137365,40.8441768921439,"25",1.47443939315131,24.5331013835492,18.3,11.4258901830283,601,5.17107574717505
"32d",0.872140482138234,40.8441768921439,"15",1.47443939315131,24.5331013835492,18.3,11.4258901830283,601,5.17107574717505
"32d",0.865102540338144,40.8441768921439,"35",1.47443939315131,24.5331013835492,18.3,11.4258901830283,601,5.17107574717505
"32d",0.885387291325171,40.8441768921439,"10",1.47443939315131,24.5331013835492,18.3,11.4258901830283,601,5.17107574717505
"32d",0.852421166610721,40.8441768921439,"free",1.47443939315131,24.5331013835492,18.3,11.4258901830283,601,5.17107574717505
"32d",0.81986496031239,40.8441768921439,"5",1.47443939315131,24.5331013835492,18.3,11.4258901830283,601,5.17107574717505
"33d",0.867001596066024,38.0004556889878,"10",1.47605595003785,22.5696628446154,17.2,12.0484862385321,654,3.94808590678153
"33d",0.852053188771437,38.0004556889878,"15",1.47605595003785,22.5696628446154,17.2,12.0484862385321,654,3.94808590678153
"33d",0.814659930731969,38.0004556889878,"20",1.47605595003785,22.5696628446154,17.2,12.0484862385321,654,3.94808590678153
"33d",0.827252206148468,38.0004556889878,"25",1.47605595003785,22.5696628446154,17.2,12.0484862385321,654,3.94808590678153
"33d",0.831186908561214,38.0004556889878,"free",1.47605595003785,22.5696628446154,17.2,12.0484862385321,654,3.94808590678153
"33d",0.844143599280816,38.0004556889878,"35",1.47605595003785,22.5696628446154,17.2,12.0484862385321,654,3.94808590678153
"33d",0.794784783378006,38.0004556889878,"5",1.47605595003785,22.5696628446154,17.2,12.0484862385321,654,3.94808590678153
"34nd",0.870402665060112,55.0542044418968,"10",2.11877837544804,37.4342469160431,23.8,13.8298409893993,566,6.09187759020322
"34nd",0.847242037102192,55.0542044418968,"35",2.11877837544804,37.4342469160431,23.8,13.8298409893993,566,6.09187759020322
"34nd",0.797825607205384,55.0542044418968,"5",2.11877837544804,37.4342469160431,23.8,13.8298409893993,566,6.09187759020322
"34nd",0.830455608779128,55.0542044418968,"25",2.11877837544804,37.4342469160431,23.8,13.8298409893993,566,6.09187759020322
"34nd",0.855355653500371,55.0542044418968,"15",2.11877837544804,37.4342469160431,23.8,13.8298409893993,566,6.09187759020322
"34nd",0.81810028119081,55.0542044418968,"20",2.11877837544804,37.4342469160431,23.8,13.8298409893993,566,6.09187759020322
"34nd",0.834463319757145,55.0542044418968,"free",2.11877837544804,37.4342469160431,23.8,13.8298409893993,566,6.09187759020322
"35nd",0.868619686534831,57.1011360524219,"10",2.21550272617881,38.2642957889259,23.9,13.160414507772,579,6.62697523274215
"35nd",0.853382730758955,57.1011360524219,"15",2.21550272617881,38.2642957889259,23.9,13.160414507772,579,6.62697523274215
"35nd",0.845220888914357,57.1011360524219,"35",2.21550272617881,38.2642957889259,23.9,13.160414507772,579,6.62697523274215
"35nd",0.815276966654121,57.1011360524219,"20",2.21550272617881,38.2642957889259,23.9,13.160414507772,579,6.62697523274215
"35nd",0.828000022844074,57.1011360524219,"25",2.21550272617881,38.2642957889259,23.9,13.160414507772,579,6.62697523274215
"35nd",0.832022766872627,57.1011360524219,"free",2.21550272617881,38.2642957889259,23.9,13.160414507772,579,6.62697523274215
"35nd",0.794909149592428,57.1011360524219,"5",2.21550272617881,38.2642957889259,23.9,13.160414507772,579,6.62697523274215
"36nd",0.843010350755827,32.268785357824,"20",1.14668877206412,18.7674103447483,14.8,11.1042389525368,611,4.00668538196729
"36nd",0.876748308355418,32.268785357824,"15",1.14668877206412,18.7674103447483,14.8,11.1042389525368,611,4.00668538196729
"36nd",0.869803032420921,32.268785357824,"35",1.14668877206412,18.7674103447483,14.8,11.1042389525368,611,4.00668538196729
"36nd",0.854667666129335,32.268785357824,"25",1.14668877206412,18.7674103447483,14.8,11.1042389525368,611,4.00668538196729
"36nd",0.857921959247139,32.268785357824,"free",1.14668877206412,18.7674103447483,14.8,11.1042389525368,611,4.00668538196729
"36nd",0.889462981127528,32.268785357824,"10",1.14668877206412,18.7674103447483,14.8,11.1042389525368,611,4.00668538196729
"36nd",0.826144814595416,32.268785357824,"5",1.14668877206412,18.7674103447483,14.8,11.1042389525368,611,4.00668538196729
"43d",0.819609690244334,42.7777002378526,"20",1.65082208212411,21.300930091924,19,11.8414451612903,775,4.57291026203606
"43d",0.832501820195754,42.7777002378526,"25",1.65082208212411,21.300930091924,19,11.8414451612903,775,4.57291026203606
"43d",0.857687379188111,42.7777002378526,"15",1.65082208212411,21.300930091924,19,11.8414451612903,775,4.57291026203606
"43d",0.849722500720807,42.7777002378526,"35",1.65082208212411,21.300930091924,19,11.8414451612903,775,4.57291026203606
"43d",0.872580681366937,42.7777002378526,"10",1.65082208212411,21.300930091924,19,11.8414451612903,775,4.57291026203606
"43d",0.799970354684395,42.7777002378526,"5",1.65082208212411,21.300930091924,19,11.8414451612903,775,4.57291026203606
"43d",0.83636406292625,42.7777002378526,"free",1.65082208212411,21.300930091924,19,11.8414451612903,775,4.57291026203606
"44d",0.900247688199125,29.7365910896522,"15",0.962016226778698,24.3548411842708,19,11.7179746835443,395,4.12458263264458
"44d",0.870314911049249,29.7365910896522,"20",0.962016226778698,24.3548411842708,19,11.7179746835443,395,4.12458263264458
"44d",0.910555929728085,29.7365910896522,"10",0.962016226778698,24.3548411842708,19,11.7179746835443,395,4.12458263264458
"44d",0.894529062797278,29.7365910896522,"35",0.962016226778698,24.3548411842708,19,11.7179746835443,395,4.12458263264458
"44d",0.857191943508737,29.7365910896522,"5",0.962016226778698,24.3548411842708,19,11.7179746835443,395,4.12458263264458
"44d",0.881188875335257,29.7365910896522,"25",0.962016226778698,24.3548411842708,19,11.7179746835443,395,4.12458263264458
"44d",0.883661638269658,29.7365910896522,"free",0.962016226778698,24.3548411842708,19,11.7179746835443,395,4.12458263264458
"45d",0.884679521363107,26.4923532516618,"25",0.85860802239571,23.7841557450335,15.9,10.967811634349,361,3.99383658472239
"45d",0.913803399860596,26.4923532516618,"10",0.85860802239571,23.7841557450335,15.9,10.967811634349,361,3.99383658472239
"45d",0.860876135922795,26.4923532516618,"5",0.85860802239571,23.7841557450335,15.9,10.967811634349,361,3.99383658472239
"45d",0.903736179366048,26.4923532516618,"15",0.85860802239571,23.7841557450335,15.9,10.967811634349,361,3.99383658472239
"45d",0.898060496887087,26.4923532516618,"35",0.85860802239571,23.7841557450335,15.9,10.967811634349,361,3.99383658472239
"45d",0.873834223753947,26.4923532516618,"20",0.85860802239571,23.7841557450335,15.9,10.967811634349,361,3.99383658472239
"45d",0.887066837859044,26.4923532516618,"free",0.85860802239571,23.7841557450335,15.9,10.967811634349,361,3.99383658472239
"46nd",0.835186387013491,53.6518588570418,"15",2.32916565074132,36.5646099017476,21.3,14.7018681318681,637,6.45575104812427
"46nd",0.852413725312489,53.6518588570418,"10",2.32916565074132,36.5646099017476,21.3,14.7018681318681,637,6.45575104812427
"46nd",0.806440973462256,53.6518588570418,"25",2.32916565074132,36.5646099017476,21.3,14.7018681318681,637,6.45575104812427
"46nd",0.826101944984948,53.6518588570418,"35",2.32916565074132,36.5646099017476,21.3,14.7018681318681,637,6.45575104812427
"46nd",0.791988524382073,53.6518588570418,"20",2.32916565074132,36.5646099017476,21.3,14.7018681318681,637,6.45575104812427
"46nd",0.769238362589072,53.6518588570418,"5",2.32916565074132,36.5646099017476,21.3,14.7018681318681,637,6.45575104812427
"46nd",0.810949699286603,53.6518588570418,"free",2.32916565074132,36.5646099017476,21.3,14.7018681318681,637,6.45575104812427
"47nd",0.832626456705354,63.618871312446,"25",2.43915503457227,24.3671831625601,23.3,11.553006993007,1001,7.32896012474504
"47nd",0.871736723468031,63.618871312446,"10",2.43915503457227,24.3671831625601,23.3,11.553006993007,1001,7.32896012474504
"47nd",0.857134819499129,63.618871312446,"15",2.43915503457227,24.3671831625601,23.3,11.553006993007,1001,7.32896012474504
"47nd",0.800620249755799,63.618871312446,"5",2.43915503457227,24.3671831625601,23.3,11.553006993007,1001,7.32896012474504
"47nd",0.836469234873302,63.618871312446,"free",2.43915503457227,24.3671831625601,23.3,11.553006993007,1001,7.32896012474504
"47nd",0.849299483316293,63.618871312446,"35",2.43915503457227,24.3671831625601,23.3,11.553006993007,1001,7.32896012474504
"47nd",0.82017689145877,63.618871312446,"20",2.43915503457227,24.3671831625601,23.3,11.553006993007,1001,7.32896012474504
"7d",0.884274695901649,44.9520826384261,"10",1.59594206651459,29.0699829966227,18.7,12.261839708561,549,4.88644671935764
"7d",0.820824383924596,44.9520826384261,"5",1.59594206651459,29.0699829966227,18.7,12.261839708561,549,4.88644671935764
"7d",0.871366337874979,44.9520826384261,"15",1.59594206651459,29.0699829966227,18.7,12.261839708561,549,4.88644671935764
"7d",0.864366858959679,44.9520826384261,"35",1.59594206651459,29.0699829966227,18.7,12.261839708561,549,4.88644671935764
"7d",0.838165628342132,44.9520826384261,"20",1.59594206651459,29.0699829966227,18.7,12.261839708561,549,4.88644671935764
"7d",0.849482034048027,44.9520826384261,"25",1.59594206651459,29.0699829966227,18.7,12.261839708561,549,4.88644671935764
"7d",0.852868934744332,44.9520826384261,"free",1.59594206651459,29.0699829966227,18.7,12.261839708561,549,4.88644671935764
"8d",0.770399181679792,54.1440361069408,"20",2.42701377767854,29.9261871477008,22,12.5621824907522,811,4.98915475990588
"8d",0.802901727045281,54.1440361069408,"35",2.42701377767854,29.9261871477008,22,12.5621824907522,811,4.98915475990588
"8d",0.745547941749203,54.1440361069408,"5",2.42701377767854,29.9261871477008,22,12.5621824907522,811,4.98915475990588
"8d",0.812265785478249,54.1440361069408,"15",2.42701377767854,29.9261871477008,22,12.5621824907522,811,4.98915475990588
"8d",0.78892695850412,54.1440361069408,"free",2.42701377767854,29.9261871477008,22,12.5621824907522,811,4.98915475990588
"8d",0.830529530628604,54.1440361069408,"10",2.42701377767854,29.9261871477008,22,12.5621824907522,811,4.98915475990588
"8d",0.783876458812821,54.1440361069408,"25",2.42701377767854,29.9261871477008,22,12.5621824907522,811,4.98915475990588
"9d",0.889976345739473,38.8780442654048,"10",1.37481954967931,20.0119293985343,17.5,11.1393886462882,687,4.96014590035145
"9d",0.877313722620793,38.8780442654048,"15",1.37481954967931,20.0119293985343,17.5,11.1393886462882,687,4.96014590035145
"9d",0.870390232394183,38.8780442654048,"35",1.37481954967931,20.0119293985343,17.5,11.1393886462882,687,4.96014590035145
"9d",0.843543998336202,38.8780442654048,"20",1.37481954967931,20.0119293985343,17.5,11.1393886462882,687,4.96014590035145
"9d",0.855206521804469,38.8780442654048,"25",1.37481954967931,20.0119293985343,17.5,11.1393886462882,687,4.96014590035145
"9d",0.858433712559142,38.8780442654048,"free",1.37481954967931,20.0119293985343,17.5,11.1393886462882,687,4.96014590035145
"9d",0.826797304431101,38.8780442654048,"5",1.37481954967931,20.0119293985343,17.5,11.1393886462882,687,4.96014590035145
"Ambtr1",0.830463772192214,34.5663647395618,"10",1.48209067739967,25.5532875413737,39.3,8.90615517241379,580,3.99980847425427
"Ambtr1",0.786248012622716,34.5663647395618,"25",1.48209067739967,25.5532875413737,39.3,8.90615517241379,580,3.99980847425427
"Ambtr1",0.803893472950343,34.5663647395618,"35",1.48209067739967,25.5532875413737,39.3,8.90615517241379,580,3.99980847425427
"Ambtr1",0.774074867670287,34.5663647395618,"20",1.48209067739967,25.5532875413737,39.3,8.90615517241379,580,3.99980847425427
"Ambtr1",0.749581419654402,34.5663647395618,"5",1.48209067739967,25.5532875413737,39.3,8.90615517241379,580,3.99980847425427
"Ambtr1",0.812875888912333,34.5663647395618,"15",1.48209067739967,25.5532875413737,39.3,8.90615517241379,580,3.99980847425427
"Ambtr1",0.791224794916495,34.5663647395618,"free",1.48209067739967,25.5532875413737,39.3,8.90615517241379,580,3.99980847425427
"Ambtr2",0.858367351207638,40.1773529784835,"10",1.71927644546168,27.0752196135698,30.1,11.9912283464567,635,5.38596258984907
"Ambtr2",0.841461820978685,40.1773529784835,"15",1.71927644546168,27.0752196135698,30.1,11.9912283464567,635,5.38596258984907
"Ambtr2",0.798231002542506,40.1773529784835,"20",1.71927644546168,27.0752196135698,30.1,11.9912283464567,635,5.38596258984907
"Ambtr2",0.812855384143243,40.1773529784835,"25",1.71927644546168,27.0752196135698,30.1,11.9912283464567,635,5.38596258984907
"Ambtr2",0.817205238149183,40.1773529784835,"free",1.71927644546168,27.0752196135698,30.1,11.9912283464567,635,5.38596258984907
"Ambtr2",0.832580778350679,40.1773529784835,"35",1.71927644546168,27.0752196135698,30.1,11.9912283464567,635,5.38596258984907
"Ambtr2",0.776233087917559,40.1773529784835,"5",1.71927644546168,27.0752196135698,30.1,11.9912283464567,635,5.38596258984907
"Ambtr3",0.83623712172504,29.7890998193905,"10",1.3064192329706,33.9329670901456,25.8,11.5746493506494,385,3.11238783170388
"Ambtr3",0.818248776134461,29.7890998193905,"15",1.3064192329706,33.9329670901456,25.8,11.5746493506494,385,3.11238783170388
"Ambtr3",0.809004098540239,29.7890998193905,"35",1.3064192329706,33.9329670901456,25.8,11.5746493506494,385,3.11238783170388
"Ambtr3",0.77708721718518,29.7890998193905,"20",1.3064192329706,33.9329670901456,25.8,11.5746493506494,385,3.11238783170388
"Ambtr3",0.79026633256853,29.7890998193905,"25",1.3064192329706,33.9329670901456,25.8,11.5746493506494,385,3.11238783170388
"Ambtr3",0.795252115953749,29.7890998193905,"free",1.3064192329706,33.9329670901456,25.8,11.5746493506494,385,3.11238783170388
"Ambtr3",0.752481179769374,29.7890998193905,"5",1.3064192329706,33.9329670901456,25.8,11.5746493506494,385,3.11238783170388
"Ambtr4",0.833466006715658,32.4976420119938,"15",1.36513909691113,20.8100472090111,24.1,8.40278963414634,656,4.09132909076908
"Ambtr4",0.805658763530374,32.4976420119938,"25",1.36513909691113,20.8100472090111,24.1,8.40278963414634,656,4.09132909076908
"Ambtr4",0.769372365004889,32.4976420119938,"5",1.36513909691113,20.8100472090111,24.1,8.40278963414634,656,4.09132909076908
"Ambtr4",0.850706472153538,32.4976420119938,"10",1.36513909691113,20.8100472090111,24.1,8.40278963414634,656,4.09132909076908
"Ambtr4",0.792019788322023,32.4976420119938,"20",1.36513909691113,20.8100472090111,24.1,8.40278963414634,656,4.09132909076908
"Ambtr4",0.824620322820233,32.4976420119938,"35",1.36513909691113,20.8100472090111,24.1,8.40278963414634,656,4.09132909076908
"Ambtr4",0.810218598900773,32.4976420119938,"free",1.36513909691113,20.8100472090111,24.1,8.40278963414634,656,4.09132909076908
"Eletr1",0.826115385138003,67.5239699378583,"10",3.07198633350986,36.0561776233551,39.3,10.1530164319249,852,6.88365845664988
"Eletr1",0.806741011690271,67.5239699378583,"15",3.07198633350986,36.0561776233551,39.3,10.1530164319249,852,6.88365845664988
"Eletr1",0.796818347745095,67.5239699378583,"35",3.07198633350986,36.0561776233551,39.3,10.1530164319249,852,6.88365845664988
"Eletr1",0.763930123845623,67.5239699378583,"20",3.07198633350986,36.0561776233551,39.3,10.1530164319249,852,6.88365845664988
"Eletr1",0.777335276209362,67.5239699378583,"25",3.07198633350986,36.0561776233551,39.3,10.1530164319249,852,6.88365845664988
"Eletr1",0.782771943924464,67.5239699378583,"free",3.07198633350986,36.0561776233551,39.3,10.1530164319249,852,6.88365845664988
"Eletr1",0.737458621581142,67.5239699378583,"5",3.07198633350986,36.0561776233551,39.3,10.1530164319249,852,6.88365845664988
"Eletr2",0.764061880089906,55.8220726700182,"20",2.5383389119386,46.9193883907319,37.1,11.5466358595194,541,5.59106901722958
"Eletr2",0.806665230609704,55.8220726700182,"15",2.5383389119386,46.9193883907319,37.1,11.5466358595194,541,5.59106901722958
"Eletr2",0.796984180949336,55.8220726700182,"35",2.5383389119386,46.9193883907319,37.1,11.5466358595194,541,5.59106901722958
"Eletr2",0.777485714070669,55.8220726700182,"25",2.5383389119386,46.9193883907319,37.1,11.5466358595194,541,5.59106901722958
"Eletr2",0.78282467331749,55.8220726700182,"free",2.5383389119386,46.9193883907319,37.1,11.5466358595194,541,5.59106901722958
"Eletr2",0.825901646540105,55.8220726700182,"10",2.5383389119386,46.9193883907319,37.1,11.5466358595194,541,5.59106901722958
"Eletr2",0.73809324687984,55.8220726700182,"5",2.5383389119386,46.9193883907319,37.1,11.5466358595194,541,5.59106901722958
"Eletr3",0.810090936833913,48.0694862907612,"15",2.22179850478359,35.8933522582164,37.6,9.7475605815832,619,5.35845307423769
"Eletr3",0.829730031522586,48.0694862907612,"10",2.22179850478359,35.8933522582164,37.6,9.7475605815832,619,5.35845307423769
"Eletr3",0.779654647477544,48.0694862907612,"25",2.22179850478359,35.8933522582164,37.6,9.7475605815832,619,5.35845307423769
"Eletr3",0.800145734001769,48.0694862907612,"35",2.22179850478359,35.8933522582164,37.6,9.7475605815832,619,5.35845307423769
"Eletr3",0.765238738561831,48.0694862907612,"20",2.22179850478359,35.8933522582164,37.6,9.7475605815832,619,5.35845307423769
"Eletr3",0.739296346456348,48.0694862907612,"5",2.22179850478359,35.8933522582164,37.6,9.7475605815832,619,5.35845307423769
"Eletr3",0.784993936895672,48.0694862907612,"free",2.22179850478359,35.8933522582164,37.6,9.7475605815832,619,5.35845307423769
"Eletr4",0.890014322503398,54.0584783275011,"10",1.98444943767705,30.814432262066,33.6,9.69237577639752,644,7.34688971637052
"Eletr4",0.823089694053139,54.0584783275011,"5",1.98444943767705,30.814432262066,33.6,9.69237577639752,644,7.34688971637052
"Eletr4",0.876803212409823,54.0584783275011,"15",1.98444943767705,30.814432262066,33.6,9.69237577639752,644,7.34688971637052
"Eletr4",0.869514424409985,54.0584783275011,"35",1.98444943767705,30.814432262066,33.6,9.69237577639752,644,7.34688971637052
"Eletr4",0.840457206100897,54.0584783275011,"20",1.98444943767705,30.814432262066,33.6,9.69237577639752,644,7.34688971637052
"Eletr4",0.853067565801838,54.0584783275011,"25",1.98444943767705,30.814432262066,33.6,9.69237577639752,644,7.34688971637052
"Eletr4",0.856362169741606,54.0584783275011,"free",1.98444943767705,30.814432262066,33.6,9.69237577639752,644,7.34688971637052
"Eletr5",0.857317581610229,47.0497799714074,"15",1.84892170284342,36.1117520086605,34.3,10.44029296875,512,6.53364069194336
"Eletr5",0.817141213743637,47.0497799714074,"20",1.84892170284342,36.1117520086605,34.3,10.44029296875,512,6.53364069194336
"Eletr5",0.87271648473366,47.0497799714074,"10",1.84892170284342,36.1117520086605,34.3,10.44029296875,512,6.53364069194336
"Eletr5",0.830852232198015,47.0497799714074,"25",1.84892170284342,36.1117520086605,34.3,10.44029296875,512,6.53364069194336
"Eletr5",0.834773516482089,47.0497799714074,"free",1.84892170284342,36.1117520086605,34.3,10.44029296875,512,6.53364069194336
"Eletr5",0.849116443197756,47.0497799714074,"35",1.84892170284342,36.1117520086605,34.3,10.44029296875,512,6.53364069194336
"Eletr5",0.797210765360738,47.0497799714074,"5",1.84892170284342,36.1117520086605,34.3,10.44029296875,512,6.53364069194336
"Eletr6",0.827657460306951,24.6250732946414,"15",1.0524790138136,21.9724220002839,30.4,8.35640918580376,479,2.74873799882209
"Eletr6",0.845250346579038,24.6250732946414,"10",1.0524790138136,21.9724220002839,30.4,8.35640918580376,479,2.74873799882209
"Eletr6",0.799337315238927,24.6250732946414,"25",1.0524790138136,21.9724220002839,30.4,8.35640918580376,479,2.74873799882209
"Eletr6",0.803954112372669,24.6250732946414,"free",1.0524790138136,21.9724220002839,30.4,8.35640918580376,479,2.74873799882209
"Eletr6",0.76246854902712,24.6250732946414,"5",1.0524790138136,21.9724220002839,30.4,8.35640918580376,479,2.74873799882209
"Eletr6",0.818759474440863,24.6250732946414,"35",1.0524790138136,21.9724220002839,30.4,8.35640918580376,479,2.74873799882209
"Eletr6",0.785180348648197,24.6250732946414,"20",1.0524790138136,21.9724220002839,30.4,8.35640918580376,479,2.74873799882209
"Eletr7",0.778305370130056,67.122145748471,"5",2.79081328445274,46.5135547408791,37.4,12.4075166666667,600,8.89764165386246
"Eletr7",0.818235407566329,67.122145748471,"free",2.79081328445274,46.5135547408791,37.4,12.4075166666667,600,8.89764165386246
"Eletr7",0.832903455609494,67.122145748471,"35",2.79081328445274,46.5135547408791,37.4,12.4075166666667,600,8.89764165386246
"Eletr7",0.813929190840767,67.122145748471,"25",2.79081328445274,46.5135547408791,37.4,12.4075166666667,600,8.89764165386246
"Eletr7",0.79999583115039,67.122145748471,"20",2.79081328445274,46.5135547408791,37.4,12.4075166666667,600,8.89764165386246
"Eletr7",0.858087345774058,67.122145748471,"10",2.79081328445274,46.5135547408791,37.4,12.4075166666667,600,8.89764165386246
"Eletr7",0.841536426313826,67.122145748471,"15",2.79081328445274,46.5135547408791,37.4,12.4075166666667,600,8.89764165386246
"Eletr8",0.777846362489601,38.8082595070983,"20",1.6626021338867,27.1223839133229,31.3,10.3699673735726,613,3.89364772420824
"Eletr8",0.809098482966044,38.8082595070983,"35",1.6626021338867,27.1223839133229,31.3,10.3699673735726,613,3.89364772420824
"Eletr8",0.752516457095576,38.8082595070983,"5",1.6626021338867,27.1223839133229,31.3,10.3699673735726,613,3.89364772420824
"Eletr8",0.818621766905134,38.8082595070983,"15",1.6626021338867,27.1223839133229,31.3,10.3699673735726,613,3.89364772420824
"Eletr8",0.795675398959176,38.8082595070983,"free",1.6626021338867,27.1223839133229,31.3,10.3699673735726,613,3.89364772420824
"Eletr8",0.836975973523458,38.8082595070983,"10",1.6626021338867,27.1223839133229,31.3,10.3699673735726,613,3.89364772420824
"Eletr8",0.790519595284082,38.8082595070983,"25",1.6626021338867,27.1223839133229,31.3,10.3699673735726,613,3.89364772420824
"Esal-ch1-tree54",0.826062270153624,12.4516721208952,"10",0.490492526541546,8.5154952524574,5,5.36935763888889,576,1.2253924827888
"Esal-ch1-tree54",0.809374549921018,12.4516721208952,"15",0.490492526541546,8.5154952524574,5,5.36935763888889,576,1.2253924827888
"Esal-ch1-tree54",0.801081488213124,12.4516721208952,"35",0.490492526541546,8.5154952524574,5,5.36935763888889,576,1.2253924827888
"Esal-ch1-tree54",0.775610675683826,12.4516721208952,"20",0.490492526541546,8.5154952524574,5,5.36935763888889,576,1.2253924827888
"Esal-ch1-tree54",0.785790464785677,12.4516721208952,"25",0.490492526541546,8.5154952524574,5,5.36935763888889,576,1.2253924827888
"Esal-ch1-tree54",0.790710992707895,12.4516721208952,"free",0.490492526541546,8.5154952524574,5,5.36935763888889,576,1.2253924827888
"Esal-ch1-tree54",0.751849842195281,12.4516721208952,"5",0.490492526541546,8.5154952524574,5,5.36935763888889,576,1.2253924827888
"esal-ch10-tree1S",0.847615858772056,9.57556202817996,"25",0.32962338795858,4.58446992988289,5,3.88151599443672,719,1.44407466836503
"esal-ch10-tree1S",0.861509986876491,9.57556202817996,"35",0.32962338795858,4.58446992988289,5,3.88151599443672,719,1.44407466836503
"esal-ch10-tree1S",0.880686062611096,9.57556202817996,"10",0.32962338795858,4.58446992988289,5,3.88151599443672,719,1.44407466836503
"esal-ch10-tree1S",0.868160779885727,9.57556202817996,"15",0.32962338795858,4.58446992988289,5,3.88151599443672,719,1.44407466836503
"esal-ch10-tree1S",0.837249718191831,9.57556202817996,"20",0.32962338795858,4.58446992988289,5,3.88151599443672,719,1.44407466836503
"esal-ch10-tree1S",0.820087488388614,9.57556202817996,"5",0.32962338795858,4.58446992988289,5,3.88151599443672,719,1.44407466836503
"esal-ch10-tree1S",0.850976234242197,9.57556202817996,"free",0.32962338795858,4.58446992988289,5,3.88151599443672,719,1.44407466836503
"Esal-ch12-tree46_fix",0.883826378412422,5.25157436913905,"10",0.174218538667297,5.76882578368532,5,4.6823178807947,302,1.01276288866975
"Esal-ch12-tree46_fix",0.851652165051834,5.25157436913905,"25",0.174218538667297,5.76882578368532,5,4.6823178807947,302,1.01276288866975
"Esal-ch12-tree46_fix",0.871512204421679,5.25157436913905,"15",0.174218538667297,5.76882578368532,5,4.6823178807947,302,1.01276288866975
"Esal-ch12-tree46_fix",0.842046584920653,5.25157436913905,"20",0.174218538667297,5.76882578368532,5,4.6823178807947,302,1.01276288866975
"Esal-ch12-tree46_fix",0.855072769325107,5.25157436913905,"free",0.174218538667297,5.76882578368532,5,4.6823178807947,302,1.01276288866975
"Esal-ch12-tree46_fix",0.864797953920892,5.25157436913905,"35",0.174218538667297,5.76882578368532,5,4.6823178807947,302,1.01276288866975
"Esal-ch12-tree46_fix",0.824680643441163,5.25157436913905,"5",0.174218538667297,5.76882578368532,5,4.6823178807947,302,1.01276288866975
"esal-ch2-tree48",0.832664111459138,16.2249303590275,"10",0.632905680045352,5.08766623830668,5,4.41302250803859,1244,2.26365811313924
"esal-ch2-tree48",0.816956440747924,16.2249303590275,"15",0.632905680045352,5.08766623830668,5,4.41302250803859,1244,2.26365811313924
"esal-ch2-tree48",0.798712577407419,16.2249303590275,"free",0.632905680045352,5.08766623830668,5,4.41302250803859,1244,2.26365811313924
"esal-ch2-tree48",0.784065456571304,16.2249303590275,"20",0.632905680045352,5.08766623830668,5,4.41302250803859,1244,2.26365811313924
"esal-ch2-tree48",0.761249576229864,16.2249303590275,"5",0.632905680045352,5.08766623830668,5,4.41302250803859,1244,2.26365811313924
"esal-ch2-tree48",0.794088092618855,16.2249303590275,"25",0.632905680045352,5.08766623830668,5,4.41302250803859,1244,2.26365811313924
"esal-ch2-tree48",0.808945610165811,16.2249303590275,"35",0.632905680045352,5.08766623830668,5,4.41302250803859,1244,2.26365811313924
"Esal-ch7-tree37",0.825128564820899,22.4273581881814,"15",0.857875536242911,9.4065300026635,5,5.75600877192982,912,2.27252434765502
"Esal-ch7-tree37",0.802616166761562,22.4273581881814,"25",0.857875536242911,9.4065300026635,5,5.75600877192982,912,2.27252434765502
"Esal-ch7-tree37",0.79238810106787,22.4273581881814,"20",0.857875536242911,9.4065300026635,5,5.75600877192982,912,2.27252434765502
"Esal-ch7-tree37",0.840399676087216,22.4273581881814,"10",0.857875536242911,9.4065300026635,5,5.75600877192982,912,2.27252434765502
"Esal-ch7-tree37",0.770592258259764,22.4273581881814,"5",0.857875536242911,9.4065300026635,5,5.75600877192982,912,2.27252434765502
"Esal-ch7-tree37",0.817327404699358,22.4273581881814,"35",0.857875536242911,9.4065300026635,5,5.75600877192982,912,2.27252434765502
"Esal-ch7-tree37",0.807051937631761,22.4273581881814,"free",0.857875536242911,9.4065300026635,5,5.75600877192982,912,2.27252434765502
"esal-ref",0.798764800351842,15.5790280843823,"25",0.588330752632674,7.4284185938469,5,4.98330808080808,792,1.64139306808403
"esal-ref",0.836736153387147,15.5790280843823,"10",0.588330752632674,7.4284185938469,5,4.98330808080808,792,1.64139306808403
"esal-ref",0.803305687219187,15.5790280843823,"free",0.588330752632674,7.4284185938469,5,4.98330808080808,792,1.64139306808403
"esal-ref",0.813348180287235,15.5790280843823,"35",0.588330752632674,7.4284185938469,5,4.98330808080808,792,1.64139306808403
"esal-ref",0.788822317621213,15.5790280843823,"20",0.588330752632674,7.4284185938469,5,4.98330808080808,792,1.64139306808403
"esal-ref",0.766829526886464,15.5790280843823,"5",0.588330752632674,7.4284185938469,5,4.98330808080808,792,1.64139306808403
"esal-ref",0.821097159776726,15.5790280843823,"15",0.588330752632674,7.4284185938469,5,4.98330808080808,792,1.64139306808403
"esalroomot131",0.897362053181854,7.99317151885702,"10",0.265604568011311,10.6241827204524,5,7.14724,250,1.20848886590998
"esalroomot131",0.866375734449536,7.99317151885702,"25",0.265604568011311,10.6241827204524,5,7.14724,250,1.20848886590998
"esalroomot131",0.855899838944263,7.99317151885702,"20",0.265604568011311,10.6241827204524,5,7.14724,250,1.20848886590998
"esalroomot131",0.840872339974432,7.99317151885702,"5",0.265604568011311,10.6241827204524,5,7.14724,250,1.20848886590998
"esalroomot131",0.869266405633119,7.99317151885702,"free",0.265604568011311,10.6241827204524,5,7.14724,250,1.20848886590998
"esalroomot131",0.886055605706171,7.99317151885702,"15",0.265604568011311,10.6241827204524,5,7.14724,250,1.20848886590998
"esalroomot131",0.879895982859862,7.99317151885702,"35",0.265604568011311,10.6241827204524,5,7.14724,250,1.20848886590998
"esalroomot151",0.89203803428179,8.92435424101491,"35",0.284768862366298,7.30176570169994,5,6.12589743589744,390,1.36424406277215
"esalroomot151",0.869214363730781,8.92435424101491,"20",0.284768862366298,7.30176570169994,5,6.12589743589744,390,1.36424406277215
"esalroomot151",0.907775827867795,8.92435424101491,"10",0.284768862366298,7.30176570169994,5,6.12589743589744,390,1.36424406277215
"esalroomot151",0.897628189996574,8.92435424101491,"15",0.284768862366298,7.30176570169994,5,6.12589743589744,390,1.36424406277215
"esalroomot151",0.855833770833999,8.92435424101491,"5",0.284768862366298,7.30176570169994,5,6.12589743589744,390,1.36424406277215
"esalroomot151",0.881840854034086,8.92435424101491,"free",0.284768862366298,7.30176570169994,5,6.12589743589744,390,1.36424406277215
"esalroomot151",0.87932075562172,8.92435424101491,"25",0.284768862366298,7.30176570169994,5,6.12589743589744,390,1.36424406277215
"esalroomot251",0.872329643319028,10.5685668776875,"15",0.348036039630325,9.40637944946823,5,5.56513513513514,370,1.67032825805526
"esalroomot251",0.856067779951396,10.5685668776875,"free",0.348036039630325,9.40637944946823,5,5.56513513513514,370,1.67032825805526
"esalroomot251",0.884544425750212,10.5685668776875,"10",0.348036039630325,9.40637944946823,5,5.56513513513514,370,1.67032825805526
"esalroomot251",0.852794417621779,10.5685668776875,"25",0.348036039630325,9.40637944946823,5,5.56513513513514,370,1.67032825805526
"esalroomot251",0.842931181930812,10.5685668776875,"20",0.348036039630325,9.40637944946823,5,5.56513513513514,370,1.67032825805526
"esalroomot251",0.826607031544706,10.5685668776875,"5",0.348036039630325,9.40637944946823,5,5.56513513513514,370,1.67032825805526
"esalroomot251",0.866024439072078,10.5685668776875,"35",0.348036039630325,9.40637944946823,5,5.56513513513514,370,1.67032825805526
"esalroomot259",0.859939866453355,11.9126406122117,"25",0.416570744925029,10.5997645019091,5,6.64111959287532,393,2.10384347613674
"esalroomot259",0.863093563107457,11.9126406122117,"free",0.416570744925029,10.5997645019091,5,6.64111959287532,393,2.10384347613674
"esalroomot259",0.894726188319665,11.9126406122117,"10",0.416570744925029,10.5997645019091,5,6.64111959287532,393,2.10384347613674
"esalroomot259",0.831698269212363,11.9126406122117,"5",0.416570744925029,10.5997645019091,5,6.64111959287532,393,2.10384347613674
"esalroomot259",0.882163440896534,11.9126406122117,"15",0.416570744925029,10.5997645019091,5,6.64111959287532,393,2.10384347613674
"esalroomot259",0.848084010334553,11.9126406122117,"20",0.416570744925029,10.5997645019091,5,6.64111959287532,393,2.10384347613674
"esalroomot259",0.875327843687,11.9126406122117,"35",0.416570744925029,10.5997645019091,5,6.64111959287532,393,2.10384347613674
"esalroomot360",0.885455906929718,16.2685822344829,"15",0.56831898816,10.0056159887324,5,6.87283450704225,568,2.28504137046235
"esalroomot360",0.897609855681284,16.2685822344829,"10",0.56831898816,10.0056159887324,5,6.87283450704225,568,2.28504137046235
"esalroomot360",0.863383662587737,16.2685822344829,"25",0.56831898816,10.0056159887324,5,6.87283450704225,568,2.28504137046235
"esalroomot360",0.878911832890593,16.2685822344829,"35",0.56831898816,10.0056159887324,5,6.87283450704225,568,2.28504137046235
"esalroomot360",0.851277328603537,16.2685822344829,"20",0.56831898816,10.0056159887324,5,6.87283450704225,568,2.28504137046235
"esalroomot360",0.835919148359391,16.2685822344829,"5",0.56831898816,10.0056159887324,5,6.87283450704225,568,2.28504137046235
"esalroomot360",0.866305446066857,16.2685822344829,"free",0.56831898816,10.0056159887324,5,6.87283450704225,568,2.28504137046235
"esalroomot392",0.886143671738584,10.0245336358395,"15",0.3237791045891,5.95182177553493,5,5.05145220588235,544,1.46328840281462
"esalroomot392",0.857291314383472,10.0245336358395,"20",0.3237791045891,5.95182177553493,5,5.05145220588235,544,1.46328840281462
"esalroomot392",0.897346782676982,10.0245336358395,"10",0.3237791045891,5.95182177553493,5,5.05145220588235,544,1.46328840281462
"esalroomot392",0.867084199849924,10.0245336358395,"25",0.3237791045891,5.95182177553493,5,5.05145220588235,544,1.46328840281462
"esalroomot392",0.879939630923877,10.0245336358395,"35",0.3237791045891,5.95182177553493,5,5.05145220588235,544,1.46328840281462
"esalroomot392",0.841855803790648,10.0245336358395,"5",0.3237791045891,5.95182177553493,5,5.05145220588235,544,1.46328840281462
"esalroomot392",0.870060057225813,10.0245336358395,"free",0.3237791045891,5.95182177553493,5,5.05145220588235,544,1.46328840281462
"esalroomot41",0.880353539767027,8.75654355359907,"25",0.273482406567519,7.74737695658695,5,5.99637393767705,353,1.52978753010764
"esalroomot41",0.892294110499736,8.75654355359907,"35",0.273482406567519,7.74737695658695,5,5.99637393767705,353,1.52978753010764
"esalroomot41",0.907970695990868,8.75654355359907,"10",0.273482406567519,7.74737695658695,5,5.99637393767705,353,1.52978753010764
"esalroomot41",0.857194054414148,8.75654355359907,"5",0.273482406567519,7.74737695658695,5,5.99637393767705,353,1.52978753010764
"esalroomot41",0.882967788311819,8.75654355359907,"free",0.273482406567519,7.74737695658695,5,5.99637393767705,353,1.52978753010764
"esalroomot41",0.870991317054357,8.75654355359907,"20",0.273482406567519,7.74737695658695,5,5.99637393767705,353,1.52978753010764
"esalroomot41",0.897945021804399,8.75654355359907,"15",0.273482406567519,7.74737695658695,5,5.99637393767705,353,1.52978753010764
"esalroomot449",0.823959175020076,13.655638597921,"15",0.541814059803201,6.12219276613786,5,4.85980790960452,885,1.34151130501837
"esalroomot449",0.787902054312017,13.655638597921,"20",0.541814059803201,6.12219276613786,5,4.85980790960452,885,1.34151130501837
"esalroomot449",0.840515578972387,13.655638597921,"10",0.541814059803201,6.12219276613786,5,4.85980790960452,885,1.34151130501837
"esalroomot449",0.799354770652014,13.655638597921,"25",0.541814059803201,6.12219276613786,5,4.85980790960452,885,1.34151130501837
"esalroomot449",0.815652874885862,13.655638597921,"35",0.541814059803201,6.12219276613786,5,4.85980790960452,885,1.34151130501837
"esalroomot449",0.765282837911805,13.655638597921,"5",0.541814059803201,6.12219276613786,5,4.85980790960452,885,1.34151130501837
"esalroomot449",0.804027402393596,13.655638597921,"free",0.541814059803201,6.12219276613786,5,4.85980790960452,885,1.34151130501837
"esalroomot460",0.866945775182683,11.4818253961586,"15",0.414539143852728,8.74555155807444,5,6.39816455696203,474,1.85582472494312
"esalroomot460",0.880291528700874,11.4818253961586,"10",0.414539143852728,8.74555155807444,5,6.39816455696203,474,1.85582472494312
"esalroomot460",0.844448861677383,11.4818253961586,"25",0.414539143852728,8.74555155807444,5,6.39816455696203,474,1.85582472494312
"esalroomot460",0.859853660215295,11.4818253961586,"35",0.414539143852728,8.74555155807444,5,6.39816455696203,474,1.85582472494312
"esalroomot460",0.832657515899983,11.4818253961586,"20",0.414539143852728,8.74555155807444,5,6.39816455696203,474,1.85582472494312
"esalroomot460",0.815103728287938,11.4818253961586,"5",0.414539143852728,8.74555155807444,5,6.39816455696203,474,1.85582472494312
"esalroomot460",0.847914986117587,11.4818253961586,"free",0.414539143852728,8.74555155807444,5,6.39816455696203,474,1.85582472494312
"esalroomot50",0.875529329038212,10.1998769689868,"15",0.333336630183673,15.3611350315057,5,7.18645161290323,217,1.40135516172144
"esalroomot50",0.887380862035033,10.1998769689868,"10",0.333336630183673,15.3611350315057,5,7.18645161290323,217,1.40135516172144
"esalroomot50",0.859627391068284,10.1998769689868,"free",0.333336630183673,15.3611350315057,5,7.18645161290323,217,1.40135516172144
"esalroomot50",0.847084081482336,10.1998769689868,"20",0.333336630183673,15.3611350315057,5,7.18645161290323,217,1.40135516172144
"esalroomot50",0.83038454133669,10.1998769689868,"5",0.333336630183673,15.3611350315057,5,7.18645161290323,217,1.40135516172144
"esalroomot50",0.856362792742,10.1998769689868,"25",0.333336630183673,15.3611350315057,5,7.18645161290323,217,1.40135516172144
"esalroomot50",0.869060079572989,10.1998769689868,"35",0.333336630183673,15.3611350315057,5,7.18645161290323,217,1.40135516172144
"esalroomot588_fix",0.883948815579127,14.7287299689515,"10",0.500370314499654,6.37414413375355,2,4.89500636942675,785,2.1326724151325
"esalroomot588_fix",0.865125537583723,14.7287299689515,"35",0.500370314499654,6.37414413375355,2,4.89500636942675,785,2.1326724151325
"esalroomot588_fix",0.840613287957294,14.7287299689515,"20",0.500370314499654,6.37414413375355,2,4.89500636942675,785,2.1326724151325
"esalroomot588_fix",0.824100897117584,14.7287299689515,"5",0.500370314499654,6.37414413375355,2,4.89500636942675,785,2.1326724151325
"esalroomot588_fix",0.87160928373375,14.7287299689515,"15",0.500370314499654,6.37414413375355,2,4.89500636942675,785,2.1326724151325
"esalroomot588_fix",0.854385225552107,14.7287299689515,"free",0.500370314499654,6.37414413375355,2,4.89500636942675,785,2.1326724151325
"esalroomot588_fix",0.851138357996921,14.7287299689515,"25",0.500370314499654,6.37414413375355,2,4.89500636942675,785,2.1326724151325
"esalroomot591",0.914095984318648,16.5144028517766,"10",0.532435333109504,8.69992374361935,5,6.22202614379085,612,3.20494566674781
"esalroomot591",0.903627362536143,16.5144028517766,"15",0.532435333109504,8.69992374361935,5,6.22202614379085,612,3.20494566674781
"esalroomot591",0.897875548763645,16.5144028517766,"35",0.532435333109504,8.69992374361935,5,6.22202614379085,612,3.20494566674781
"esalroomot591",0.859318709453279,16.5144028517766,"5",0.532435333109504,8.69992374361935,5,6.22202614379085,612,3.20494566674781
"esalroomot591",0.886106327381619,16.5144028517766,"free",0.532435333109504,8.69992374361935,5,6.22202614379085,612,3.20494566674781
"esalroomot591",0.872161869589169,16.5144028517766,"20",0.532435333109504,8.69992374361935,5,6.22202614379085,612,3.20494566674781
"esalroomot591",0.883702170994182,16.5144028517766,"25",0.532435333109504,8.69992374361935,5,6.22202614379085,612,3.20494566674781
"euchae1",0.885411989885416,0.58212289833256,"5",0.0191619533926815,12.774635595121,0.1,8.18,15,0.203318895240933
"euchae1",0.909319250949019,0.58212289833256,"free",0.0191619533926815,12.774635595121,0.1,8.18,15,0.203318895240933
"euchae1",0.923190955610486,0.58212289833256,"35",0.0191619533926815,12.774635595121,0.1,8.18,15,0.203318895240933
"euchae1",0.907891513119157,0.58212289833256,"25",0.0191619533926815,12.774635595121,0.1,8.18,15,0.203318895240933
"euchae1",0.8941504664991,0.58212289833256,"20",0.0191619533926815,12.774635595121,0.1,8.18,15,0.203318895240933
"euchae1",0.936713572777926,0.58212289833256,"10",0.0191619533926815,12.774635595121,0.1,8.18,15,0.203318895240933
"euchae1",0.92807402146242,0.58212289833256,"15",0.0191619533926815,12.774635595121,0.1,8.18,15,0.203318895240933
"euchae2",0.896267657686943,5.53864249342375,"35",0.191205216065421,16.3423261594377,0.1,9.09880341880342,117,1.2298493145316
"euchae2",0.866381379777637,5.53864249342375,"20",0.191205216065421,16.3423261594377,0.1,9.09880341880342,117,1.2298493145316
"euchae2",0.90227872108824,5.53864249342375,"15",0.191205216065421,16.3423261594377,0.1,9.09880341880342,117,1.2298493145316
"euchae2",0.913305576435245,5.53864249342375,"10",0.191205216065421,16.3423261594377,0.1,9.09880341880342,117,1.2298493145316
"euchae2",0.880106353540999,5.53864249342375,"25",0.191205216065421,16.3423261594377,0.1,9.09880341880342,117,1.2298493145316
"euchae2",0.882424761342284,5.53864249342375,"free",0.191205216065421,16.3423261594377,0.1,9.09880341880342,117,1.2298493145316
"euchae2",0.853888402539517,5.53864249342375,"5",0.191205216065421,16.3423261594377,0.1,9.09880341880342,117,1.2298493145316
"euchae3",0.92609559980603,2.5057914201716,"10",0.0877642719450339,25.8130211603041,0.1,11.4967647058824,34,0.72791880079814
"euchae3",0.876526583313037,2.5057914201716,"20",0.0877642719450339,25.8130211603041,0.1,11.4967647058824,34,0.72791880079814
"euchae3",0.910182016705142,2.5057914201716,"35",0.0877642719450339,25.8130211603041,0.1,11.4967647058824,34,0.72791880079814
"euchae3",0.894101214552189,2.5057914201716,"free",0.0877642719450339,25.8130211603041,0.1,11.4967647058824,34,0.72791880079814
"euchae3",0.915800186014797,2.5057914201716,"15",0.0877642719450339,25.8130211603041,0.1,11.4967647058824,34,0.72791880079814
"euchae3",0.892329569870961,2.5057914201716,"25",0.0877642719450339,25.8130211603041,0.1,11.4967647058824,34,0.72791880079814
"euchae3",0.866180450685478,2.5057914201716,"5",0.0877642719450339,25.8130211603041,0.1,11.4967647058824,34,0.72791880079814
"euchaeR50",0.935440686921868,1.46614593440656,"10",0.0479357685212981,19.9732368838742,0.1,9.6875,24,0.422253070581449
"euchaeR50",0.926936408758245,1.46614593440656,"15",0.0479357685212981,19.9732368838742,0.1,9.6875,24,0.422253070581449
"euchaeR50",0.922031043004957,1.46614593440656,"35",0.0479357685212981,19.9732368838742,0.1,9.6875,24,0.422253070581449
"euchaeR50",0.893973384771612,1.46614593440656,"20",0.0479357685212981,19.9732368838742,0.1,9.6875,24,0.422253070581449
"euchaeR50",0.907416113960102,1.46614593440656,"25",0.0479357685212981,19.9732368838742,0.1,9.6875,24,0.422253070581449
"euchaeR50",0.90892071099366,1.46614593440656,"free",0.0479357685212981,19.9732368838742,0.1,9.6875,24,0.422253070581449
"euchaeR50",0.88508849794288,1.46614593440656,"5",0.0479357685212981,19.9732368838742,0.1,9.6875,24,0.422253070581449
"euchaeR70",0.9172575576839,3.14540420165441,"15",0.105442499448786,22.9222824888666,0.1,10.640652173913,46,0.707648352570282
"euchaeR70",0.898448370892121,3.14540420165441,"free",0.105442499448786,22.9222824888666,0.1,10.640652173913,46,0.707648352570282
"euchaeR70",0.926481614498025,3.14540420165441,"10",0.105442499448786,22.9222824888666,0.1,10.640652173913,46,0.707648352570282
"euchaeR70",0.896792278207068,3.14540420165441,"25",0.105442499448786,22.9222824888666,0.1,10.640652173913,46,0.707648352570282
"euchaeR70",0.883308418897478,3.14540420165441,"20",0.105442499448786,22.9222824888666,0.1,10.640652173913,46,0.707648352570282
"euchaeR70",0.873566131770304,3.14540420165441,"5",0.105442499448786,22.9222824888666,0.1,10.640652173913,46,0.707648352570282
"euchaeR70",0.912234609336862,3.14540420165441,"35",0.105442499448786,22.9222824888666,0.1,10.640652173913,46,0.707648352570282
"euchaeR71",0.883228853995012,1.72290735559345,"25",0.0592258715309767,29.6129357654883,0.1,11.8345,20,0.392795674653859
"euchaeR71",0.885878869617,1.72290735559345,"free",0.0592258715309767,29.6129357654883,0.1,11.8345,20,0.392795674653859
"euchaeR71",0.91691809031233,1.72290735559345,"10",0.0592258715309767,29.6129357654883,0.1,11.8345,20,0.392795674653859
"euchaeR71",0.856320514499278,1.72290735559345,"5",0.0592258715309767,29.6129357654883,0.1,11.8345,20,0.392795674653859
"euchaeR71",0.905508355614723,1.72290735559345,"15",0.0592258715309767,29.6129357654883,0.1,11.8345,20,0.392795674653859
"euchaeR71",0.870856001017411,1.72290735559345,"20",0.0592258715309767,29.6129357654883,0.1,11.8345,20,0.392795674653859
"euchaeR71",0.898844095580243,1.72290735559345,"35",0.0592258715309767,29.6129357654883,0.1,11.8345,20,0.392795674653859
"euchaeR90",0.93033087003521,3.07034993698251,"15",0.0970061278608768,20.639601672527,0.1,10.2387234042553,47,0.811305577296852
"euchaeR90",0.938185263163457,3.07034993698251,"10",0.0970061278608768,20.639601672527,0.1,10.2387234042553,47,0.811305577296852
"euchaeR90",0.911548069571312,3.07034993698251,"25",0.0970061278608768,20.639601672527,0.1,10.2387234042553,47,0.811305577296852
"euchaeR90",0.925876240284351,3.07034993698251,"35",0.0970061278608768,20.639601672527,0.1,10.2387234042553,47,0.811305577296852
"euchaeR90",0.898679443846324,3.07034993698251,"20",0.0970061278608768,20.639601672527,0.1,10.2387234042553,47,0.811305577296852
"euchaeR90",0.890718817685989,3.07034993698251,"5",0.0970061278608768,20.639601672527,0.1,10.2387234042553,47,0.811305577296852
"euchaeR90",0.912821499895428,3.07034993698251,"free",0.0970061278608768,20.639601672527,0.1,10.2387234042553,47,0.811305577296852
"euchaeR91",0.91662073442579,2.10233546122769,"15",0.0727824516950468,34.6583103309747,0.1,12.9666666666667,21,0.380474162576639
"euchaeR91",0.926039208302123,2.10233546122769,"10",0.0727824516950468,34.6583103309747,0.1,12.9666666666667,21,0.380474162576639
"euchaeR91",0.895459440512587,2.10233546122769,"25",0.0727824516950468,34.6583103309747,0.1,12.9666666666667,21,0.380474162576639
"euchaeR91",0.911281798206033,2.10233546122769,"35",0.0727824516950468,34.6583103309747,0.1,12.9666666666667,21,0.380474162576639
"euchaeR91",0.8810234762158,2.10233546122769,"20",0.0727824516950468,34.6583103309747,0.1,12.9666666666667,21,0.380474162576639
"euchaeR91",0.871011042111621,2.10233546122769,"5",0.0727824516950468,34.6583103309747,0.1,12.9666666666667,21,0.380474162576639
"euchaeR91",0.897167396511053,2.10233546122769,"free",0.0727824516950468,34.6583103309747,0.1,12.9666666666667,21,0.380474162576639
